Les 1 577 ventes d'appartements d' Issy-les-Moulineaux (92) sur la période du 2017-07-01 au 2019-06-30 (Notaires de France - base de données PERVAL);;;;;;;;;
;;;;;;;;;
Montant;Surface;Nombre de pièces;Construction;Garage;DPE;GES;Etage;Cave;Terrasse / balcon
924 000 €;93 m²;5;-;Oui;D;C;-;Oui;Oui
293 000 €;38 m²;2;1948 / 1969;Non;-;-;5;Oui;-
141 440 €;27 m²;1;1992 / 2000;Oui;C;A;9;Oui;-
735 000 €;91 m²;3;1914 / 1947;Non;-;-;5;Oui;Oui
288 020 €;71 m²;3;1981 / 1991;Oui;-;-;2;-;Oui
407 000 €;60 m²;3;-;Oui;-;-;5;Oui;Oui
160 000 €;19 m²;1;-;Non;E;E;1;-;Non
875 000 €;99 m²;4;2011 / 2020;Oui;B;B;2;-;Oui
325 000 €;54 m²;3;1948 / 1969;Oui;D;C;1;Oui;-
573 500 €;79 m²;4;-;Non;D;E;2;-;Non
480 000 €;72 m²;3;1981 / 1991;Oui;E;C;5;Oui;Oui
520 000 €;71 m²;3;1981 / 1991;Oui;D;C;1;Oui;-
616 360 €;71 m²;3;2001 / 2010;Oui;D;B;2;-;Oui
130 000 €;18 m²;1;1970 / 1980;-;-;-;3;Oui;-
496 000 €;65 m²;3;1970 / 1980;Oui;D;E;6;Oui;Oui
577 010 €;56 m²;3;1948 / 1969;Oui;-;-;4;Oui;Oui
230 000 €;28 m²;1;-;Non;F;D;5;Oui;Non
845 555 €;106 m²;5;2001 / 2010;Oui;E;B;0;Oui;Oui
86 800 €;20 m²;1;1992 / 2000;Non;C;D;1;-;Non
552 000 €;64 m²;3;-;-;C;D;1;Oui;-
221 000 €;49 m²;2;-;Non;-;-;7;Oui;Oui
160 000 €;31 m²;2;1970 / 1980;Non;D;E;3;-;-
160 000 €;30 m²;2;1948 / 1969;Non;D;E;3;-;-
460 000 €;53 m²;2;1981 / 1991;Oui;-;-;1;-;Oui
330 000 €;39 m²;2;2011 / 2020;Oui;-;-;4;Oui;Oui
430 000 €;59 m²;3;-;Non;-;-;3;Oui;Oui
395 000 €;66 m²;3;2001 / 2010;Oui;F;D;0;Oui;-
395 000 €;55 m²;3;-;Non;G;G;6;Oui;-
240 000 €;51 m²;3;1914 / 1947;-;-;-;0;-;-
507 500 €;55 m²;2;-;Non;E;F;5;Oui;Oui
295 000 €;0 m²;2;2011 / 2020;Oui;-;-;2;Oui;Oui
415 500 €;80 m²;4;-;Non;D;E;7;-;Oui
243 400 €;51 m²;2;-;Non;C;D;2;-;Non
331 313 €;63 m²;3;1970 / 1980;Oui;D;B;5;Oui;-
170 000 €;25 m²;1;1970 / 1980;Non;F;G;1;Oui;Oui
306 000 €;37 m²;1;-;Oui;-;-;1;-;-
291 725 €;40 m²;2;-;Non;-;-;2;Oui;-
310 000 €;49 m²;3;1914 / 1947;Non;E;B;4;Oui;-
1 153 750 €;120 m²;5;2001 / 2010;Oui;E;C;6;Oui;Oui
250 000 €;29 m²;1;2011 / 2020;Non;-;-;0;-;Oui
252 338 €;52 m²;2;1992 / 2000;Non;D;B;1;-;Non
363 000 €;62 m²;3;1914 / 1947;Oui;C;A;1;Oui;-
330 000 €;45 m²;2;-;Oui;-;-;6;Oui;-
315 000 €;53 m²;3;-;Non;D;F;1;Oui;Non
269 247 €;54 m²;2;1992 / 2000;Non;D;B;5;-;Oui
376 650 €;53 m²;3;-;Oui;-;-;1;Oui;Oui
417 000 €;80 m²;4;-;Non;C;D;7;Oui;Oui
280 000 €;42 m²;2;1992 / 2000;Oui;-;-;2;-;Oui
463 450 €;63 m²;3;1970 / 1980;Non;-;-;1;Oui;-
93 000 €;23 m²;1;1992 / 2000;-;D;C;5;-;Non
443 000 €;59 m²;2;-;Oui;-;-;2;-;Oui
501 000 €;70 m²;4;1948 / 1969;Non;E;E;0;Oui;Oui
416 000 €;47 m²;2;2011 / 2020;Non;-;-;3;-;Oui
282 000 €;47 m²;2;1914 / 1947;-;-;-;0;Oui;-
379 220 €;44 m²;2;1992 / 2000;Oui;D;B;5;-;Oui
144 100 €;28 m²;1;-;Oui;C;D;4;-;Oui
745 000 €;88 m²;4;2001 / 2010;Oui;D;C;7;Oui;Oui
355 220 €;32 m²;1;2011 / 2020;Oui;-;-;7;Oui;-
155 000 €;29 m²;1;1992 / 2000;Non;D;B;2;Oui;-
263 030 €;52 m²;2;1970 / 1980;Oui;D;B;4;Oui;-
348 817 €;72 m²;3;1970 / 1980;Oui;D;B;21;Oui;-
779 000 €;102 m²;5;2011 / 2020;Oui;-;-;4;Oui;Oui
466 690 €;52 m²;2;1992 / 2000;Oui;C;D;5;Oui;Oui
535 000 €;61 m²;3;2011 / 2020;Oui;-;-;8;-;Oui
528 000 €;71 m²;3;-;Oui;-;-;1;Oui;-
233 000 €;47 m²;2;-;Oui;C;D;4;-;Oui
321 600 €;44 m²;2;-;Non;-;-;5;Oui;-
190 000 €;31 m²;2;1914 / 1947;Non;D;E;4;Oui;-
215 000 €;37 m²;2;1948 / 1969;Non;E;E;8;Oui;-
580 000 €;102 m²;5;-;Oui;D;D;1;Oui;-
342 200 €;47 m²;3;1948 / 1969;Oui;-;-;1;Oui;-
1 086 100 €;102 m²;4;-;Oui;D;B;4;-;Oui
150 020 €;24 m²;1;1948 / 1969;Non;E;E;4;-;-
651 310 €;98 m²;4;1981 / 1991;Oui;D;C;2;Oui;Oui
237 000 €;25 m²;1;-;Non;E;C;0;Oui;Oui
200 000 €;23 m²;1;-;Non;-;-;3;-;-
167 500 €;46 m²;1;-;Non;-;-;7;Oui;Oui
830 000 €;82 m²;4;2011 / 2020;Oui;-;-;9;-;Oui
320 000 €;121 m²;6;-;-;E;F;3;Oui;-
364 493 €;81 m²;4;1992 / 2000;Non;D;B;7;-;Oui
246 000 €;50 m²;2;2011 / 2020;Oui;C;D;2;-;Oui
447 600 €;69 m²;3;-;Oui;E;F;3;Oui;Oui
491 000 €;73 m²;3;2011 / 2020;Oui;-;-;5;-;Non
273 659 €;54 m²;2;1992 / 2000;Non;-;-;4;-;Oui
585 000 €;77 m²;3;2001 / 2010;Oui;D;B;1;Oui;Oui
263 580 €;53 m²;2;1992 / 2000;Non;D;B;7;-;Oui
430 000 €;80 m²;5;-;Non;-;-;3;Oui;-
650 000 €;92 m²;3;-;Oui;-;-;7;-;Oui
262 000 €;38 m²;2;Avant 1850;Non;F;G;3;Oui;-
635 000 €;76 m²;3;1981 / 1991;Oui;D;E;1;-;Oui
220 000 €;50 m²;2;1981 / 1991;Oui;-;-;1;-;-
138 000 €;20 m²;1;1850 / 1913;Non;-;-;3;-;-
135 000 €;31 m²;1;-;Oui;F;D;1;Oui;Oui
203 000 €;32 m²;1;1992 / 2000;Non;G;D;0;Oui;Oui
407 400 €;56 m²;3;-;Non;D;E;1;Oui;-
425 000 €;56 m²;3;-;Non;E;D;3;Oui;Oui
251 800 €;40 m²;3;1948 / 1969;Non;-;-;1;Oui;-
202 500 €;24 m²;1;1992 / 2000;Non;D;B;1;Oui;Oui
230 305 €;29 m²;2;-;Non;F;C;4;Oui;-
650 000 €;102 m²;5;1914 / 1947;Oui;-;-;1;-;Non
635 000 €;85 m²;4;2001 / 2010;Oui;D;B;5;-;-
214 780 €;28 m²;1;1992 / 2000;Oui;-;-;3;-;Oui
350 000 €;47 m²;2;1981 / 1991;Oui;F;C;0;Oui;-
260 000 €;40 m²;2;1914 / 1947;Non;F;B;2;Oui;-
220 350 €;34 m²;2;1970 / 1980;Non;-;-;3;Oui;-
470 000 €;51 m²;2;2011 / 2020;Oui;-;-;5;Oui;Oui
460 000 €;70 m²;3;1970 / 1980;Oui;C;D;4;Oui;Oui
125 000 €;21 m²;1;-;Non;E;C;4;-;Oui
625 000 €;67 m²;3;1948 / 1969;Non;-;-;7;Oui;Oui
725 000 €;80 m²;3;2011 / 2020;Oui;-;-;3;Oui;Oui
707 150 €;88 m²;4;1992 / 2000;Oui;D;B;3;Oui;Oui
462 700 €;63 m²;3;1948 / 1969;Non;C;D;2;Oui;-
150 000 €;21 m²;1;1970 / 1980;Non;D;B;1;-;-
197 640 €;49 m²;2;1981 / 1991;Oui;E;C;1;Oui;Oui
227 000 €;31 m²;2;1992 / 2000;Non;-;-;2;Oui;-
600 000 €;93 m²;4;2001 / 2010;Oui;-;-;4;-;-
440 000 €;65 m²;3;-;Non;D;B;3;-;Oui
188 000 €;31 m²;2;-;-;-;-;0;Oui;-
386 500 €;45 m²;2;-;Oui;-;-;6;Oui;Oui
950 000 €;114 m²;5;2001 / 2010;Oui;D;B;3;Oui;Oui
509 000 €;62 m²;3;1948 / 1969;Oui;E;G;2;Oui;Oui
585 000 €;81 m²;4;2011 / 2020;Oui;-;-;2;Oui;Oui
794 800 €;86 m²;4;1948 / 1969;-;D;E;3;Oui;-
515 000 €;73 m²;3;1981 / 1991;Oui;E;C;5;Oui;Oui
500 000 €;58 m²;2;2011 / 2020;Oui;-;-;2;-;Oui
240 000 €;62 m²;3;1981 / 1991;Non;B;B;0;Oui;Oui
730 320 €;84 m²;4;-;Non;-;-;5;Oui;-
215 900 €;44 m²;2;-;Oui;-;-;5;-;Oui
227 700 €;46 m²;2;-;Oui;-;-;4;-;Oui
1 135 000 €;166 m²;4;1914 / 1947;Non;D;E;3;-;-
715 000 €;81 m²;4;2011 / 2020;Oui;-;-;2;-;Oui
529 500 €;53 m²;2;2001 / 2010;Oui;D;B;4;Oui;-
568 000 €;69 m²;3;2001 / 2010;Oui;E;C;0;Oui;Oui
304 186 €;62 m²;3;1970 / 1980;Oui;D;B;1E+1;-;Oui
408 000 €;53 m²;2;2011 / 2020;Oui;B;C;3;-;Oui
775 000 €;125 m²;5;2011 / 2020;Oui;-;-;2;Oui;Oui
785 000 €;124 m²;5;2011 / 2020;Oui;-;-;2;Oui;Oui
354 999 €;42 m²;2;2011 / 2020;Non;-;-;3;-;Oui
625 000 €;64 m²;3;-;Oui;E;F;1;-;-
115 000 €;73 m²;4;-;Non;-;-;0;Oui;Oui
412 500 €;53 m²;2;2001 / 2010;Oui;D;B;1;Oui;Oui
238 315 €;54 m²;2;1992 / 2000;Oui;D;B;7;-;Non
489 999 €;66 m²;3;2011 / 2020;Oui;-;-;2;-;Non
238 000 €;28 m²;1;2011 / 2020;Oui;C;C;7;-;-
233 000 €;47 m²;2;-;Oui;E;F;5;Oui;Oui
422 000 €;52 m²;2;1992 / 2000;Oui;E;B;1;Oui;Oui
199 048 €;29 m²;2;1914 / 1947;Non;-;-;0;Oui;-
252 000 €;26 m²;1;2001 / 2010;Oui;D;B;2;-;-
100 000 €;29 m²;1;-;-;-;-;9;Oui;Oui
147 900 €;31 m²;1;-;Oui;-;-;1;-;-
148 400 €;28 m²;1;-;Oui;-;-;6;-;Oui
255 000 €;28 m²;1;2011 / 2020;Non;B;C;5;-;-
160 000 €;20 m²;1;1981 / 1991;Oui;E;C;2;-;Oui
535 000 €;68 m²;3;-;Oui;-;-;0;Oui;Oui
320 000 €;65 m²;3;-;Oui;-;-;4;Oui;Oui
120 000 €;17 m²;1;-;Non;-;-;4;-;-
242 500 €;26 m²;1;2011 / 2020;Oui;-;-;2;Oui;Oui
340 000 €;47 m²;2;1992 / 2000;Oui;E;C;0;Oui;-
210 000 €;23 m²;1;2011 / 2020;Non;-;-;2;-;Oui
443 299 €;40 m²;2;2011 / 2020;Oui;-;-;3;Non;Oui
212 000 €;33 m²;2;1914 / 1947;Non;-;-;3;Oui;-
611 500 €;77 m²;4;2011 / 2020;Oui;D;B;2;Oui;Oui
825 000 €;77 m²;3;2001 / 2010;Non;-;-;6;Oui;Oui
347 000 €;28 m²;1;2011 / 2020;Oui;-;-;4;Non;Oui
330 999 €;32 m²;1;2011 / 2020;Oui;-;-;3;Non;Oui
511 000 €;68 m²;3;2011 / 2020;Oui;C;D;1;Oui;Oui
395 000 €;60 m²;3;1992 / 2000;Oui;-;-;0;Oui;-
353 030 €;89 m²;4;1992 / 2000;Oui;-;-;2;-;Oui
670 000 €;112 m²;4;-;-;-;-;0;Oui;-
446 400 €;53 m²;2;1914 / 1947;Non;D;D;5;Oui;-
665 500 €;86 m²;4;-;Oui;E;E;0;Oui;Non
530 000 €;62 m²;3;2011 / 2020;Oui;-;-;4;Oui;Oui
408 000 €;63 m²;3;2011 / 2020;Non;-;-;5;-;Oui
590 000 €;78 m²;4;1948 / 1969;Non;D;E;4;Oui;-
449 820 €;72 m²;3;1970 / 1980;Oui;C;D;3;Oui;Non
550 000 €;68 m²;3;2011 / 2020;Oui;B;C;3;Oui;Oui
450 000 €;50 m²;2;2001 / 2010;Oui;D;B;2;Oui;Oui
397 285 €;55 m²;3;-;-;-;-;3;Oui;Oui
117 563 €;52 m²;2;2001 / 2010;Oui;E;B;4;Oui;Oui
228 000 €;40 m²;3;-;Non;E;B;2;Oui;Non
256 500 €;28 m²;1;2011 / 2020;Oui;-;-;1;Oui;-
335 000 €;50 m²;3;-;Non;-;-;1;Oui;-
825 000 €;92 m²;4;2011 / 2020;Oui;-;-;0;Oui;Oui
695 000 €;0 m²;3;2011 / 2020;Oui;-;-;2;-;Oui
1 067 000 €;112 m²;4;1981 / 1991;Oui;C;B;1;-;Oui
931 000 €;103 m²;4;2011 / 2020;Oui;-;-;6;Oui;Oui
161 400 €;31 m²;1;-;Non;-;-;2;-;Oui
431 000 €;61 m²;3;1948 / 1969;Non;D;E;3;Oui;Oui
700 000 €;72 m²;3;2001 / 2010;Oui;E;C;7;Oui;Oui
710 000 €;88 m²;4;1992 / 2000;Oui;D;B;1;Oui;-
715 000 €;84 m²;4;1992 / 2000;Oui;D;B;4;Oui;Oui
102 000 €;14 m²;1;1948 / 1969;Non;-;-;0;-;-
650 000 €;47 m²;3;-;Non;D;E;2;-;Non
80 000 €;13 m²;0;1948 / 1969;Non;-;-;1;-;Non
824 000 €;98 m²;5;1970 / 1980;Oui;D;E;1;Oui;Oui
381 000 €;42 m²;2;2011 / 2020;Oui;-;-;2;Oui;Oui
200 000 €;31 m²;1;1970 / 1980;Oui;-;-;0;-;-
868 000 €;78 m²;3;2001 / 2010;Oui;-;-;-;Oui;-
383 000 €;42 m²;2;2011 / 2020;Oui;-;-;2;Oui;Oui
525 000 €;42 m²;3;-;-;D;E;1;-;-
245 000 €;40 m²;1;-;Non;-;-;0;Oui;-
472 650 €;53 m²;3;-;Oui;-;-;0;Oui;Oui
333 500 €;47 m²;3;-;Non;D;E;1;Oui;Non
242 500 €;27 m²;1;1970 / 1980;Oui;E;F;4;Oui;Oui
625 000 €;84 m²;5;1970 / 1980;-;-;-;5;Oui;-
208 855 €;24 m²;1;-;Oui;E;C;0;Oui;Oui
381 200 €;56 m²;4;1914 / 1947;Non;D;E;6;Oui;-
221 129 €;33 m²;2;2001 / 2010;Non;-;-;1;-;-
393 600 €;42 m²;2;2011 / 2020;Oui;-;-;4;Oui;Oui
151 200 €;31 m²;1;-;Non;-;-;1;Non;Non
223 329 €;51 m²;2;1992 / 2000;Oui;D;B;2;-;Non
537 990 €;68 m²;4;1948 / 1969;Non;D;E;2;Oui;Oui
580 050 €;70 m²;3;-;Oui;E;C;3;Oui;Oui
531 999 €;66 m²;3;2011 / 2020;Non;-;-;3;-;Oui
391 000 €;61 m²;4;-;Oui;-;-;3;Oui;-
517 500 €;67 m²;3;1992 / 2000;Oui;-;-;1;Oui;Oui
465 000 €;60 m²;3;-;Non;-;-;-;Oui;-
164 000 €;33 m²;1;-;Oui;-;-;12;Oui;-
214 400 €;31 m²;1;1992 / 2000;Oui;E;C;0;Oui;-
545 000 €;64 m²;3;2011 / 2020;Non;-;-;5;-;Oui
275 000 €;27 m²;1;2011 / 2020;Non;-;-;6;-;Oui
310 000 €;53 m²;2;1992 / 2000;Non;-;-;0;Oui;Oui
179 000 €;20 m²;1;2001 / 2010;Oui;D;B;2;-;Oui
585 000 €;94 m²;4;-;Oui;D;B;1;Oui;Oui
512 000 €;60 m²;3;-;Oui;E;E;3;Oui;Oui
567 284 €;68 m²;3;2011 / 2020;Oui;A;C;4;-;Oui
242 000 €;27 m²;1;2001 / 2010;Oui;-;-;4;-;Non
267 000 €;0 m²;2;-;-;-;-;0;-;-
420 000 €;55 m²;3;-;Non;C;C;1;Oui;-
672 000 €;80 m²;5;-;Oui;-;-;9;Non;Oui
103 000 €;19 m²;1;-;Oui;D;C;7;-;Oui
244 194 €;54 m²;2;1992 / 2000;Oui;D;B;3;-;Oui
440 000 €;61 m²;0;-;Oui;-;-;2;Oui;-
439 000 €;66 m²;3;1948 / 1969;Oui;C;D;3;Oui;Oui
538 000 €;91 m²;5;1970 / 1980;Oui;C;E;7;Oui;-
273 000 €;43 m²;3;-;-;-;-;0;Oui;Oui
407 000 €;46 m²;2;2011 / 2020;Oui;-;-;3;Oui;Oui
296 000 €;31 m²;1;2011 / 2020;Non;-;-;2;Non;Oui
288 000 €;44 m²;4;Avant 1850;Non;D;E;4;Oui;Non
580 000 €;66 m²;3;2011 / 2020;Oui;-;-;7;-;Oui
460 000 €;59 m²;3;2011 / 2020;Non;-;-;2;-;Oui
163 000 €;20 m²;1;1948 / 1969;Non;-;-;6;Oui;-
428 000 €;75 m²;4;1948 / 1969;Non;-;-;1;Oui;-
395 000 €;42 m²;2;2011 / 2020;Oui;-;-;4;-;Oui
353 030 €;62 m²;3;1970 / 1980;Oui;C;A;11;Oui;-
401 000 €;52 m²;2;1992 / 2000;Oui;-;-;6;Oui;Oui
235 000 €;30 m²;2;1970 / 1980;Non;D;B;1;Oui;Non
360 000 €;52 m²;2;1914 / 1947;Non;-;-;3;Oui;-
271 000 €;39 m²;3;-;-;E;C;2;-;-
411 500 €;87 m²;5;-;Non;D;E;7;-;Oui
350 000 €;39 m²;2;2011 / 2020;Non;-;-;1;-;Oui
165 000 €;28 m²;1;1914 / 1947;Non;F;F;5;Oui;-
337 500 €;44 m²;2;1992 / 2000;Oui;-;-;2;Oui;Oui
520 000 €;66 m²;3;1948 / 1969;Non;-;-;0;-;Oui
173 000 €;33 m²;1;-;Oui;-;-;2;Oui;Oui
486 500 €;61 m²;3;2001 / 2010;Oui;-;-;0;-;Oui
355 000 €;69 m²;3;1981 / 1991;Non;D;C;1;Oui;Oui
1 146 600 €;133 m²;6;-;-;D;D;5;-;-
693 500 €;90 m²;4;-;Oui;-;-;2;Oui;-
260 000 €;32 m²;2;1914 / 1947;Non;F;D;3;Oui;-
696 600 €;84 m²;4;2011 / 2020;Oui;B;C;3;Oui;Oui
259 550 €;51 m²;3;2001 / 2010;Non;-;-;0;-;-
148 400 €;28 m²;1;-;Oui;-;-;5;-;Oui
270 000 €;29 m²;1;1992 / 2000;Non;-;-;3;Oui;-
691 000 €;113 m²;5;1992 / 2000;Oui;-;-;3;Oui;Oui
633 000 €;65 m²;4;1914 / 1947;Non;E;B;1;Oui;-
364 000 €;43 m²;3;1914 / 1947;Non;F;C;1;Oui;-
726 800 €;94 m²;4;2001 / 2010;Oui;C;A;3;Oui;Oui
580 000 €;73 m²;3;2011 / 2020;Oui;-;-;6;-;Non
404 000 €;50 m²;2;2011 / 2020;Oui;-;-;3;-;Non
1 094 600 €;128 m²;4;-;Oui;D;B;8;Oui;Oui
839 000 €;-;5;2011 / 2020;Oui;-;-;0;Oui;Oui
372 005 €;83 m²;4;1992 / 2000;Oui;D;B;8;-;Oui
35 000 €;30 m²;2;-;Non;-;-;2;Oui;Oui
361 500 €;47 m²;3;1948 / 1969;Non;D;D;7;Oui;-
460 000 €;66 m²;3;-;Non;-;-;4;Oui;-
275 225 €;32 m²;1;2001 / 2010;Oui;D;B;1;Oui;Oui
832 000 €;109 m²;4;2001 / 2010;Oui;C;D;0;Oui;Oui
200 500 €;29 m²;2;1981 / 1991;-;C;D;3;Oui;-
382 588 €;83 m²;4;1992 / 2000;Oui;D;B;9;-;Oui
560 000 €;67 m²;3;2011 / 2020;Oui;-;-;2;-;Oui
650 000 €;69 m²;3;2001 / 2010;Oui;D;B;4;Oui;-
682 000 €;91 m²;4;-;Oui;-;-;1;Oui;Oui
452 000 €;73 m²;3;1981 / 1991;Oui;D;C;3;Oui;Oui
226 118 €;51 m²;2;1992 / 2000;Non;D;B;6;-;Oui
262 000 €;51 m²;2;1981 / 1991;Oui;-;-;1;Oui;-
403 000 €;47 m²;2;1992 / 2000;Oui;D;B;4;Oui;Oui
481 900 €;60 m²;3;-;Non;E;B;2;Oui;-
237 000 €;38 m²;2;-;Non;E;E;5;-;-
197 000 €;25 m²;2;-;Non;-;-;1;Oui;-
178 000 €;24 m²;1;-;Non;-;-;1;-;-
329 500 €;44 m²;2;-;Non;-;-;4;Oui;Oui
505 000 €;73 m²;3;1992 / 2000;Oui;C;B;7;Oui;Oui
165 000 €;26 m²;1;-;Non;-;-;4;Oui;-
345 500 €;49 m²;3;-;Non;-;-;1;-;Oui
442 745 €;67 m²;3;1981 / 1991;Oui;D;B;4;-;Oui
322 480 €;52 m²;2;-;Oui;E;C;0;-;Oui
245 000 €;31 m²;1;2011 / 2020;Non;-;-;0;-;-
776 000 €;98 m²;4;2011 / 2020;Oui;-;-;3;-;Oui
470 000 €;80 m²;4;1948 / 1969;Non;-;-;0;Oui;-
210 000 €;42 m²;2;1914 / 1947;Non;-;-;0;-;-
460 000 €;59 m²;3;2011 / 2020;Oui;C;A;3;-;Oui
598 200 €;76 m²;4;2011 / 2020;Oui;B;C;2;-;-
234 000 €;32 m²;2;1914 / 1947;Non;E;D;1;Oui;-
200 685 €;21 m²;2;-;Non;-;-;2;-;-
298 586 €;68 m²;3;1992 / 2000;Oui;D;B;2;-;Non
734 500 €;97 m²;4;1992 / 2000;Oui;C;B;1;Oui;Oui
221 211 €;51 m²;2;1992 / 2000;Non;D;B;3;-;Non
295 000 €;40 m²;2;2011 / 2020;Oui;D;A;1;-;-
774 500 €;97 m²;4;-;Oui;-;-;1;Oui;Oui
344 000 €;43 m²;2;1970 / 1980;Oui;-;-;1;Oui;Oui
384 000 €;46 m²;2;2011 / 2020;Oui;-;-;3;-;Non
600 000 €;68 m²;3;2001 / 2010;Oui;-;-;5;Oui;Oui
508 000 €;70 m²;3;1970 / 1980;Oui;D;B;1;Oui;Oui
80 000 €;17 m²;1;2001 / 2010;Non;D;E;3;-;Oui
655 440 €;81 m²;4;1948 / 1969;Oui;C;D;2;Oui;Oui
370 000 €;-;3;-;Oui;-;-;-;Oui;Oui
470 500 €;62 m²;3;1970 / 1980;Non;E;G;6;Oui;-
286 800 €;66 m²;3;1992 / 2000;Oui;D;B;1;-;Non
228 000 €;27 m²;1;-;Non;D;E;0;-;-
560 000 €;72 m²;3;2001 / 2010;Non;-;-;2;-;Oui
1 269 999 €;78 m²;6;2011 / 2020;Oui;-;-;5;Oui;Oui
425 000 €;52 m²;2;-;Oui;-;-;4;Oui;Oui
255 000 €;54 m²;2;-;Oui;-;-;2;Oui;-
436 000 €;54 m²;3;1914 / 1947;Non;F;C;3;Oui;-
298 285 €;55 m²;2;-;Non;E;F;0;Oui;-
250 000 €;45 m²;2;1948 / 1969;Non;-;-;2;Oui;Non
595 000 €;66 m²;3;1992 / 2000;Oui;D;E;2;Oui;Oui
230 000 €;37 m²;2;1948 / 1969;Oui;-;-;1;Oui;-
339 348 €;49 m²;2;1914 / 1947;Non;-;-;4;-;Oui
530 000 €;70 m²;3;2011 / 2020;Non;C;A;5;-;Non
450 000 €;64 m²;3;1992 / 2000;Oui;D;B;2;Oui;Non
405 000 €;46 m²;2;2011 / 2020;Oui;-;-;3;Oui;Oui
485 436 €;53 m²;2;2001 / 2010;Oui;D;C;0;Oui;Oui
176 000 €;32 m²;2;2001 / 2010;Oui;-;-;0;-;-
206 000 €;36 m²;2;1914 / 1947;Non;D;E;4;Oui;-
227 964 €;51 m²;2;1992 / 2000;Oui;D;B;4;-;Oui
461 093 €;59 m²;3;-;Oui;-;-;0;-;Oui
213 000 €;27 m²;2;-;Non;F;D;6;Oui;-
995 000 €;84 m²;5;-;-;-;-;0;Oui;-
226 300 €;44 m²;2;-;Oui;-;-;8;-;Oui
148 000 €;19 m²;1;-;Non;-;-;0;Oui;-
323 355 €;45 m²;2;-;Oui;-;-;2;Non;-
550 000 €;71 m²;3;-;Oui;-;-;3;Oui;-
580 000 €;78 m²;3;-;Oui;-;-;2;Oui;Oui
247 115 €;28 m²;1;2001 / 2010;Oui;C;E;5;-;Oui
150 000 €;30 m²;3;1850 / 1913;Non;-;-;1;Oui;-
864 150 €;93 m²;4;2001 / 2010;Oui;D;B;3;-;Oui
468 500 €;66 m²;4;-;-;-;-;2;Oui;-
152 100 €;30 m²;1;-;Oui;D;F;3;-;Non
675 000 €;80 m²;4;1948 / 1969;Non;-;-;7;Oui;-
369 000 €;42 m²;2;1992 / 2000;Oui;D;B;6;Oui;-
180 000 €;30 m²;1;1850 / 1913;Non;-;-;0;Oui;-
600 000 €;80 m²;4;1948 / 1969;Oui;D;B;2;Oui;-
149 400 €;30 m²;1;-;Oui;D;E;4;-;Non
704 000 €;87 m²;4;2001 / 2010;Oui;D;A;3;Oui;Oui
144 100 €;28 m²;1;-;Non;D;E;2;-;Oui
215 000 €;29 m²;2;-;-;-;-;2;-;-
250 000 €;37 m²;2;1948 / 1969;Non;-;-;3;Oui;-
421 000 €;0 m²;2;2011 / 2020;Oui;-;-;0;Oui;Oui
352 850 €;73 m²;3;1981 / 1991;Oui;-;-;23;Oui;-
450 000 €;63 m²;3;1981 / 1991;Oui;D;B;1;Oui;-
250 000 €;45 m²;2;-;Non;-;-;3;Oui;-
550 000 €;68 m²;3;-;Oui;-;-;4;Oui;Oui
245 000 €;36 m²;2;-;Non;-;-;7;Non;-
420 000 €;44 m²;2;2001 / 2010;Oui;E;C;7;Oui;-
790 000 €;93 m²;4;1981 / 1991;Non;E;F;3;Oui;Oui
158 400 €;20 m²;1;-;Non;-;-;4;-;-
138 000 €;17 m²;1;1992 / 2000;Non;F;E;1;Non;Non
299 749 €;41 m²;2;2001 / 2010;Oui;E;C;5;-;Oui
540 000 €;62 m²;3;2011 / 2020;Oui;-;-;2;Oui;Oui
820 050 €;103 m²;5;-;-;-;-;2;Oui;-
310 000 €;32 m²;1;2001 / 2010;Oui;-;-;3;Oui;-
81 440 €;15 m²;1;-;-;-;-;6;Oui;-
151 200 €;31 m²;1;-;Non;-;-;1;-;Oui
678 700 €;78 m²;3;2011 / 2020;Oui;A;C;2;Oui;Oui
440 000 €;50 m²;3;-;Non;-;-;1;Oui;-
355 000 €;47 m²;2;2011 / 2020;Oui;-;-;1;-;Non
271 500 €;36 m²;2;-;Non;-;-;2;Oui;-
780 000 €;90 m²;4;-;Oui;-;-;0;Non;Oui
444 000 €;50 m²;3;1992 / 2000;Oui;-;-;6;Non;Oui
195 000 €;21 m²;1;-;Oui;F;G;0;Oui;Oui
219 529 €;50 m²;2;1992 / 2000;Non;D;B;8;-;Non
520 000 €;62 m²;3;2011 / 2020;Oui;-;-;1;Oui;Oui
161 400 €;31 m²;1;1992 / 2000;Non;E;F;3;-;Oui
1 035 000 €;0 m²;3;2011 / 2020;Oui;-;-;0;Oui;Oui
401 000 €;55 m²;2;2001 / 2010;Oui;D;D;1;Oui;-
299 421 €;67 m²;3;1992 / 2000;Non;D;B;1;-;Oui
210 300 €;24 m²;1;1992 / 2000;Oui;-;-;2;-;Oui
238 500 €;32 m²;2;1992 / 2000;Oui;D;G;2;-;Oui
290 000 €;42 m²;2;1948 / 1969;Oui;E;F;1;Oui;Oui
384 000 €;71 m²;3;-;Oui;-;-;28;Oui;-
1 053 000 €;0 m²;5;2011 / 2020;Oui;-;-;0;Oui;Oui
200 000 €;33 m²;2;1914 / 1947;Non;-;-;1;Oui;-
277 800 €;47 m²;2;-;Non;-;-;5;-;Oui
249 800 €;50 m²;2;1992 / 2000;Oui;-;-;3;-;Oui
196 000 €;27 m²;2;1948 / 1969;Oui;-;-;1;Oui;-
265 000 €;38 m²;2;-;Non;D;E;5;Oui;Oui
259 000 €;27 m²;1;2011 / 2020;Oui;B;D;13;-;Oui
611 750 €;72 m²;3;-;Oui;-;-;2;-;Oui
296 428 €;67 m²;3;1992 / 2000;Non;D;B;1;-;Non
324 910 €;67 m²;3;1992 / 2000;Non;D;B;8;-;Oui
144 100 €;28 m²;1;-;Oui;-;-;6;-;Oui
203 200 €;26 m²;2;1970 / 1980;Non;E;B;4;-;-
567 500 €;60 m²;3;2011 / 2020;Oui;-;-;1;-;-
363 660 €;80 m²;4;1992 / 2000;Oui;D;B;3;-;Oui
232 800 €;47 m²;2;-;Non;-;-;4;-;Oui
378 000 €;57 m²;3;1948 / 1969;Non;D;E;7;Oui;Oui
290 000 €;38 m²;2;-;-;F;C;0;Oui;-
495 000 €;68 m²;3;1992 / 2000;Oui;-;-;5;Oui;Oui
340 000 €;54 m²;3;-;Non;D;D;1;Oui;Non
420 000 €;44 m²;2;2001 / 2010;Oui;D;B;3;Oui;-
436 000 €;51 m²;2;2001 / 2010;Oui;D;C;0;Oui;Oui
180 000 €;28 m²;1;1948 / 1969;Non;D;B;5;Oui;-
447 000 €;62 m²;3;1970 / 1980;Oui;E;F;2;Oui;-
210 000 €;25 m²;2;1850 / 1913;Non;-;-;2;Oui;-
210 000 €;32 m²;1;-;Non;G;G;3;Oui;-
223 400 €;31 m²;2;-;Non;D;E;4;Oui;-
1 149 000 €;107 m²;4;-;Oui;-;-;13;Oui;Oui
463 000 €;60 m²;3;-;-;-;-;0;-;-
115 000 €;17 m²;1;-;Non;E;E;2;-;Non
337 000 €;49 m²;3;-;Non;D;E;2;Oui;-
544 800 €;61 m²;3;-;Oui;-;-;1;Oui;-
524 800 €;61 m²;3;-;Oui;-;-;1;Oui;-
426 300 €;46 m²;2;2011 / 2020;Oui;-;-;4;-;Oui
365 000 €;46 m²;2;2001 / 2010;Non;C;B;4;-;Oui
140 120 €;21 m²;1;1992 / 2000;Non;E;C;1;-;-
740 000 €;89 m²;4;2011 / 2020;Oui;-;-;7;-;Oui
361 956 €;81 m²;4;1992 / 2000;Non;D;E;6;-;Oui
321 260 €;51 m²;2;1992 / 2000;Oui;D;E;5;-;-
611 000 €;68 m²;3;-;Oui;-;-;3;Oui;Oui
328 631 €;71 m²;3;1992 / 2000;Oui;D;B;6;-;Oui
151 309 €;34 m²;1;1992 / 2000;Oui;D;B;4;-;Non
1 100 000 €;111 m²;5;2011 / 2020;Oui;-;-;5;-;Oui
228 800 €;46 m²;2;-;Oui;-;-;6;-;Oui
870 000 €;0 m²;4;2011 / 2020;Oui;-;-;3;Oui;Oui
245 000 €;53 m²;3;1914 / 1947;Non;-;-;6;Oui;-
220 000 €;23 m²;1;2011 / 2020;Non;-;-;5;-;Oui
520 400 €;79 m²;4;1981 / 1991;Oui;D;C;7;-;Oui
152 100 €;31 m²;1;-;Non;-;-;2;-;Non
200 000 €;24 m²;2;-;Non;-;-;2;Oui;-
463 119 €;46 m²;2;2011 / 2020;Oui;-;-;15;Oui;-
845 610 €;90 m²;6;1914 / 1947;Non;E;E;6;-;-
229 550 €;62 m²;3;1970 / 1980;Oui;-;-;0;-;Oui
173 900 €;28 m²;1;1914 / 1947;Non;F;F;4;Oui;Non
212 000 €;36 m²;2;1850 / 1913;Non;D;D;5;Oui;-
329 000 €;48 m²;2;1948 / 1969;Non;E;E;1;Oui;-
151 360 €;34 m²;1;1992 / 2000;Oui;-;-;2;-;Oui
219 000 €;-;2;-;Oui;-;-;13;Oui;-
115 000 €;22 m²;1;1914 / 1947;-;-;-;1;Oui;Non
657 000 €;70 m²;4;1914 / 1947;Non;-;-;4;Oui;Oui
551 000 €;68 m²;3;2011 / 2020;Oui;C;A;4;-;Oui
338 000 €;41 m²;2;1914 / 1947;Non;D;B;2;Oui;-
367 340 €;81 m²;4;1992 / 2000;Non;D;B;3;-;Oui
305 000 €;33 m²;2;2011 / 2020;Non;-;-;1;-;Oui
157 000 €;23 m²;1;1970 / 1980;Non;E;G;5;-;-
202 000 €;23 m²;1;2001 / 2010;Non;D;B;2;-;Oui
102 300 €;20 m²;1;-;Non;D;F;1;-;Non
405 000 €;72 m²;3;1914 / 1947;Oui;-;-;1;Oui;-
499 840 €;60 m²;3;2011 / 2020;Oui;-;-;8;Non;Oui
620 162 €;80 m²;3;-;-;C;D;0;-;Oui
289 000 €;36 m²;2;1914 / 1947;Non;F;C;3;Oui;-
245 000 €;40 m²;2;1948 / 1969;Non;E;E;6;Oui;-
193 000 €;24 m²;1;-;Non;-;-;0;-;-
170 550 €;36 m²;2;2011 / 2020;Non;-;-;0;-;Non
190 550 €;42 m²;2;2011 / 2020;Non;-;-;0;Oui;Non
237 187 €;53 m²;2;1992 / 2000;Non;D;B;6;-;Oui
218 927 €;49 m²;2;1992 / 2000;Non;D;B;9;-;Non
2 100 000 €;160 m²;5;2011 / 2020;Oui;-;-;16;Oui;Oui
1 250 000 €;143 m²;6;1992 / 2000;Oui;-;-;4;Oui;Oui
539 000 €;61 m²;3;2001 / 2010;Oui;E;C;2;Oui;Oui
492 000 €;54 m²;2;2001 / 2010;Oui;D;B;1;Oui;Oui
220 000 €;27 m²;1;1948 / 1969;Non;D;E;3;Oui;-
207 920 €;32 m²;1;1948 / 1969;Oui;E;C;0;-;-
362 744 €;80 m²;4;1992 / 2000;Oui;D;B;4;-;Oui
457 615 €;72 m²;3;2001 / 2010;Oui;D;B;1;Oui;-
614 000 €;78 m²;4;2011 / 2020;Oui;-;-;3;Oui;-
126 500 €;19 m²;1;-;Non;E;E;3;Oui;Non
140 000 €;19 m²;1;1981 / 1991;Non;D;E;3;Oui;Oui
506 900 €;73 m²;3;1992 / 2000;Non;D;B;7;Oui;Oui
304 000 €;43 m²;2;-;Non;-;-;1;Oui;-
410 000 €;66 m²;4;1948 / 1969;Non;E;E;4;Oui;-
481 400 €;65 m²;3;2001 / 2010;Oui;C;B;1;Oui;-
310 850 €;63 m²;3;1992 / 2000;Oui;D;B;8;Oui;-
392 000 €;52 m²;3;1914 / 1947;Non;-;-;1;Oui;-
216 000 €;33 m²;2;1970 / 1980;-;-;-;5;Oui;-
290 000 €;43 m²;2;-;-;-;-;1;Oui;-
302 000 €;41 m²;2;-;Non;-;-;0;Oui;-
427 695 €;61 m²;4;-;Non;D;E;1;Oui;-
247 000 €;33 m²;1;1948 / 1969;Non;E;F;0;Oui;Oui
295 000 €;64 m²;3;-;-;-;-;-;Non;-
550 000 €;67 m²;3;2001 / 2010;Oui;E;C;5;Oui;Oui
204 750 €;23 m²;1;2011 / 2020;Oui;-;-;3;Oui;-
170 000 €;27 m²;1;1850 / 1913;Non;F;F;0;Oui;Non
367 900 €;48 m²;2;1992 / 2000;Oui;D;B;1;Oui;Oui
589 325 €;75 m²;4;2011 / 2020;Oui;C;A;3;Oui;Oui
82 000 €;16 m²;1;1948 / 1969;-;-;-;0;Oui;-
290 000 €;42 m²;2;1948 / 1969;Non;E;F;3;Oui;-
546 000 €;64 m²;3;2001 / 2010;Oui;C;B;1;-;Non
625 000 €;85 m²;4;2011 / 2020;Non;D;E;6;Non;Oui
480 000 €;59 m²;3;1992 / 2000;Oui;D;B;2;Oui;Oui
378 500 €;43 m²;2;2001 / 2010;Oui;D;B;2;Oui;Oui
370 000 €;41 m²;2;2011 / 2020;Non;-;-;2;-;Oui
820 000 €;108 m²;5;-;Oui;D;E;1;Oui;Oui
1 160 000 €;171 m²;7;1992 / 2000;Oui;D;C;5;Oui;Oui
448 000 €;-;3;-;Oui;-;-;0;Non;Oui
609 000 €;70 m²;3;1981 / 1991;Oui;C;D;3;Oui;Oui
195 000 €;25 m²;1;1992 / 2000;Oui;F;C;1;-;-
900 000 €;97 m²;6;2011 / 2020;Oui;-;-;2;Oui;Oui
566 000 €;69 m²;3;2011 / 2020;Oui;-;-;8;-;Oui
432 000 €;59 m²;3;-;Non;-;-;2;Non;Non
420 000 €;46 m²;2;2001 / 2010;Oui;D;E;1;Non;Oui
110 000 €;17 m²;1;1970 / 1980;Non;G;D;3;Oui;-
255 000 €;32 m²;2;1992 / 2000;Oui;D;G;4;-;Oui
239 300 €;41 m²;2;1914 / 1947;Non;E;F;2;Oui;-
264 000 €;37 m²;2;1948 / 1969;-;E;F;6;Oui;Oui
625 640 €;79 m²;4;1970 / 1980;Oui;D;E;1;Oui;Oui
559 000 €;68 m²;3;2001 / 2010;Oui;-;-;3;Non;Oui
130 200 €;17 m²;1;-;-;-;-;2;Oui;Non
174 000 €;28 m²;2;-;Non;E;A;0;-;-
235 000 €;31 m²;1;1992 / 2000;Oui;D;B;2;Oui;Oui
563 500 €;69 m²;4;1948 / 1969;Non;-;-;3;Oui;Oui
107 000 €;13 m²;1;-;Non;-;-;6;Oui;-
245 000 €;30 m²;1;2011 / 2020;Non;B;C;5;Oui;-
280 000 €;32 m²;1;1992 / 2000;Oui;E;C;5;Oui;Oui
390 000 €;60 m²;4;1948 / 1969;Non;D;E;1;Oui;-
258 500 €;36 m²;2;-;Non;E;E;1;-;Non
539 300 €;77 m²;4;-;Non;-;-;4;Oui;Oui
420 000 €;47 m²;2;-;Oui;-;-;0;Oui;Oui
520 000 €;62 m²;3;2001 / 2010;Oui;D;B;3;Oui;Oui
205 000 €;33 m²;2;-;Non;D;B;3;Oui;Non
80 000 €;19 m²;1;1948 / 1969;Non;-;-;2;Non;-
680 000 €;71 m²;3;2011 / 2020;Non;D;B;0;Oui;Oui
614 000 €;62 m²;3;2011 / 2020;Oui;-;-;6;Oui;Oui
185 000 €;25 m²;1;1948 / 1969;Non;-;-;2;Oui;Non
700 000 €;119 m²;5;-;Oui;-;-;1;Oui;-
308 000 €;48 m²;2;1981 / 1991;Oui;D;B;2;Oui;-
411 000 €;54 m²;3;-;Oui;E;D;2;Oui;-
590 000 €;67 m²;3;2001 / 2010;Oui;D;B;3;Oui;Oui
530 000 €;66 m²;3;1948 / 1969;Oui;D;C;2;Oui;Oui
540 000 €;72 m²;3;2001 / 2010;Oui;C;D;0;Oui;Oui
153 000 €;-;1;-;Non;-;-;3;Oui;-
539 000 €;61 m²;3;2001 / 2010;Oui;D;B;4;Oui;Oui
228 000 €;34 m²;1;1992 / 2000;Oui;D;F;4;-;-
295 350 €;43 m²;3;1948 / 1969;-;-;-;4;Oui;-
226 000 €;30 m²;2;-;Non;-;-;0;Oui;-
395 000 €;56 m²;3;-;Non;D;E;1;Non;Non
279 000 €;56 m²;2;-;Non;-;-;2;Non;-
1 005 671 €;121 m²;5;2001 / 2010;Oui;C;B;7;Oui;Oui
560 000 €;89 m²;4;1981 / 1991;Oui;-;-;5;Oui;-
408 000 €;60 m²;2;-;Oui;D;B;3;Non;Non
639 999 €;64 m²;3;2011 / 2020;Oui;-;-;8;Non;Oui
381 000 €;56 m²;3;1914 / 1947;Non;E;B;2;Oui;-
230 900 €;46 m²;2;-;Oui;-;-;5;Non;Oui
233 000 €;28 m²;2;1970 / 1980;Non;-;-;3;Oui;Non
323 000 €;50 m²;2;2001 / 2010;Oui;-;-;2;Oui;Oui
476 000 €;68 m²;3;1992 / 2000;Oui;-;-;3;Oui;Oui
320 000 €;46 m²;3;1914 / 1947;Non;D;C;1;Oui;Non
225 000 €;32 m²;2;1948 / 1969;Non;E;B;3;-;Oui
416 000 €;65 m²;4;-;Non;E;D;3;Non;-
523 200 €;66 m²;3;2011 / 2020;Oui;-;-;4;Non;Non
239 366 €;26 m²;1;2011 / 2020;Non;D;C;5;Non;-
298 000 €;51 m²;2;1992 / 2000;Non;-;-;0;Oui;Oui
176 000 €;32 m²;2;-;Oui;-;-;0;Non;-
336 000 €;41 m²;2;1948 / 1969;Non;E;B;4;Oui;-
633 340 €;86 m²;4;2001 / 2010;Oui;D;B;3;Non;Non
97 500 €;16 m²;1;1914 / 1947;Non;D;B;4;Non;Non
470 000 €;-;3;-;Oui;-;-;-;Oui;Oui
173 500 €;25 m²;1;-;Non;-;-;0;Oui;Non
308 700 €;37 m²;2;2011 / 2020;Oui;-;-;3;Oui;Oui
734 885 €;80 m²;4;2011 / 2020;Oui;E;E;9;Non;Oui
517 000 €;75 m²;4;-;Oui;-;-;4;Oui;Oui
340 000 €;57 m²;3;1948 / 1969;Non;D;F;5;Oui;Oui
460 000 €;-;3;-;Oui;-;-;-;Non;Oui
300 000 €;39 m²;3;-;Non;-;-;1;Oui;-
255 000 €;28 m²;1;2011 / 2020;Non;-;-;2;Non;Oui
1 080 000 €;122 m²;5;2011 / 2020;Oui;-;-;4;Oui;Oui
553 000 €;75 m²;4;-;Non;-;-;4;Non;-
354 200 €;54 m²;2;-;Oui;D;A;6;Oui;Non
357 000 €;72 m²;3;1948 / 1969;Non;-;-;7;Oui;Oui
703 544 €;93 m²;4;1981 / 1991;Oui;D;C;0;Oui;Oui
219 252 €;38 m²;2;1948 / 1969;Non;E;F;1;Oui;Non
560 000 €;69 m²;3;-;Non;D;F;5;Oui;-
709 740 €;121 m²;5;2011 / 2020;Non;-;-;7;Non;Oui
193 000 €;29 m²;1;-;Oui;E;B;6;Non;-
589 000 €;69 m²;3;2001 / 2010;Oui;D;B;4;Oui;Oui
589 000 €;69 m²;3;-;Oui;-;-;4;Oui;Oui
315 000 €;38 m²;2;2011 / 2020;Oui;-;-;0;Oui;Oui
650 000 €;82 m²;3;1970 / 1980;Oui;D;B;1;Oui;Non
130 000 €;20 m²;1;1948 / 1969;Non;F;D;3;Oui;Non
1 063 670 €;107 m²;5;-;Oui;-;-;2;Oui;Oui
332 780 €;76 m²;3;-;Oui;-;-;3;Non;Oui
577 100 €;73 m²;3;2001 / 2010;Oui;D;B;1;Non;Oui
460 000 €;-;3;-;Oui;-;-;-;Non;Oui
442 000 €;-;3;-;Oui;-;-;-;Non;Oui
157 000 €;21 m²;1;1948 / 1969;Non;E;B;3;Oui;Non
153 000 €;23 m²;1;1981 / 1991;Non;F;C;1;Oui;Oui
270 000 €;37 m²;2;1948 / 1969;Non;E;E;4;Oui;Non
1 050 000 €;119 m²;6;-;Oui;-;-;6;Oui;Oui
210 400 €;31 m²;2;1914 / 1947;Non;E;B;0;Oui;Non
389 150 €;61 m²;3;-;Oui;-;-;4;Oui;Oui
371 500 €;60 m²;3;-;Non;-;-;3;Non;Non
389 150 €;61 m²;3;1948 / 1969;Oui;D;E;4;Oui;Oui
676 000 €;77 m²;3;-;Non;-;-;1;Non;Non
332 000 €;-;2;2011 / 2020;Oui;-;-;0;Oui;Oui
340 000 €;49 m²;2;2011 / 2020;Non;A;C;1;Non;-
220 000 €;26 m²;1;2001 / 2010;Oui;D;B;3;Non;Oui
415 000 €;54 m²;3;1914 / 1947;Non;-;-;2;Oui;-
340 000 €;42 m²;2;-;Non;-;-;4;Oui;Oui
290 000 €;36 m²;2;2001 / 2010;Oui;E;B;2;Oui;Oui
469 000 €;76 m²;4;-;Oui;C;B;4;Non;Non
700 000 €;98 m²;5;-;Non;-;-;7;Oui;-
130 000 €;-;1;-;Non;-;-;2;Oui;Oui
840 000 €;111 m²;5;-;Oui;C;D;3;Oui;Oui
344 000 €;-;2;2011 / 2020;Oui;-;-;0;Oui;Oui
700 000 €;98 m²;5;1914 / 1947;Oui;C;D;7;Oui;-
779 200 €;90 m²;5;2011 / 2020;Oui;-;-;8;Non;Oui
450 000 €;44 m²;2;2011 / 2020;Oui;-;-;0;Oui;Oui
270 000 €;38 m²;2;-;Non;D;E;6;Oui;Oui
881 700 €;105 m²;5;-;Oui;-;-;6;Oui;Oui
545 000 €;70 m²;3;1992 / 2000;Oui;E;C;5;Oui;Oui
590 000 €;69 m²;3;-;-;-;-;-;Non;-
285 000 €;43 m²;2;1970 / 1980;Oui;C;E;4;Oui;-
295 000 €;39 m²;2;1914 / 1947;Non;-;-;2;Oui;-
281 000 €;38 m²;2;1914 / 1947;Non;-;-;1;Non;-
245 000 €;34 m²;2;-;Non;-;-;1;Oui;-
658 800 €;90 m²;4;2011 / 2020;Oui;-;-;3;Non;Oui
651 200 €;81 m²;4;2011 / 2020;Non;C;D;0;Oui;Oui
565 000 €;74 m²;3;1970 / 1980;Oui;E;C;0;Oui;Oui
661 350 €;80 m²;4;1970 / 1980;Oui;-;-;1;Oui;-
511 900 €;64 m²;3;2001 / 2010;Oui;-;-;6;Oui;Oui
651 920 €;67 m²;3;2011 / 2020;Oui;-;-;9;Non;Oui
178 000 €;29 m²;2;1914 / 1947;Non;F;F;3;Oui;Non
295 000 €;36 m²;1;2001 / 2010;Oui;E;C;4;Non;Oui
140 000 €;18 m²;1;-;Non;-;-;1;Oui;-
597 000 €;67 m²;3;2001 / 2010;Oui;-;-;2;Oui;-
489 250 €;52 m²;4;1914 / 1947;Non;E;C;1;Oui;Non
590 000 €;74 m²;3;1948 / 1969;Oui;-;-;5;Oui;Oui
185 000 €;20 m²;1;2001 / 2010;Non;C;E;3;Non;Non
240 000 €;40 m²;1;-;Non;E;C;1;Oui;Non
225 000 €;31 m²;2;1914 / 1947;Non;D;B;4;Non;Non
483 600 €;61 m²;3;1914 / 1947;Non;D;E;7;Oui;Non
237 000 €;31 m²;2;-;Non;-;-;3;Oui;Non
430 000 €;102 m²;5;1970 / 1980;Oui;D;A;6;Oui;Non
350 000 €;51 m²;3;1948 / 1969;Non;-;-;3;Non;-
127 081 €;33 m²;1;1948 / 1969;Non;D;B;4;Non;-
819 500 €;96 m²;4;2001 / 2010;Oui;-;-;3;Non;Oui
507 000 €;62 m²;3;-;Oui;-;-;3;Oui;Oui
931 933 €;101 m²;4;2011 / 2020;Oui;-;-;0;Non;Oui
327 060 €;51 m²;2;-;Oui;D;B;5;-;-
880 062 €;-;4;2011 / 2020;Non;-;-;6;Non;Oui
520 500 €;66 m²;3;-;Oui;-;-;1;Oui;Non
530 810 €;89 m²;4;1970 / 1980;Oui;-;-;14;Oui;Non
320 000 €;64 m²;3;1914 / 1947;Oui;E;E;1E+1;Oui;-
96 663 €;21 m²;1;1992 / 2000;Non;D;B;6;Non;Non
540 000 €;63 m²;5;1948 / 1969;Oui;-;-;6;Oui;Non
318 470 €;40 m²;3;-;Non;-;-;3;Oui;-
615 000 €;78 m²;3;-;Non;-;-;0;Non;Oui
154 000 €;20 m²;1;-;Oui;-;-;1;Oui;-
960 000 €;117 m²;5;1992 / 2000;Oui;D;C;0;Oui;Oui
297 000 €;37 m²;2;2011 / 2020;Non;-;-;2;Non;Oui
575 000 €;65 m²;4;2001 / 2010;Oui;-;-;4;Non;Oui
307 800 €;38 m²;2;1850 / 1913;Non;F;C;2;Oui;Non
443 000 €;71 m²;4;1992 / 2000;Oui;D;E;4;Oui;Non
537 400 €;68 m²;3;2001 / 2010;Oui;-;-;2;Oui;Oui
1 075 000 €;122 m²;4;-;Oui;-;-;1;Oui;-
525 000 €;72 m²;4;-;-;-;-;-;Oui;-
335 833 €;47 m²;2;-;Oui;-;-;4;Non;Non
140 000 €;20 m²;1;1948 / 1969;-;-;-;4;Oui;-
768 000 €;109 m²;5;-;Oui;E;F;0;Oui;-
181 000 €;21 m²;1;1914 / 1947;Non;E;E;2;Non;-
772 000 €;84 m²;4;1948 / 1969;Non;D;E;0;Non;-
503 000 €;-;3;2011 / 2020;Oui;-;-;1;Oui;Oui
440 000 €;61 m²;3;1948 / 1969;Non;E;F;8;Oui;Oui
118 944 €;27 m²;1;1992 / 2000;Non;-;-;4;Non;-
442 000 €;75 m²;3;1914 / 1947;Oui;C;D;3;Oui;-
710 000 €;92 m²;4;1992 / 2000;Oui;D;C;3;Oui;Non
367 450 €;50 m²;3;2001 / 2010;Non;-;-;1;Oui;Non
656 350 €;84 m²;4;-;Non;D;E;1;Oui;Non
666 500 €;114 m²;6;1992 / 2000;Oui;-;-;4;Oui;Non
595 000 €;68 m²;3;1970 / 1980;Oui;-;-;0;Oui;Oui
330 240 €;52 m²;3;1914 / 1947;Non;D;D;5;Oui;Non
260 000 €;43 m²;2;1914 / 1947;Non;E;E;2;Oui;Non
370 000 €;43 m²;2;2001 / 2010;Oui;B;D;0;Oui;Oui
570 200 €;77 m²;4;1948 / 1969;Oui;E;F;5;Oui;-
405 000 €;61 m²;3;1948 / 1969;Non;-;-;9;Oui;Oui
295 800 €;43 m²;2;-;Oui;-;-;2;Oui;Oui
111 500 €;18 m²;1;1970 / 1980;Non;G;C;2;Oui;Non
85 000 €;12 m²;1;1914 / 1947;Non;-;-;0;Non;Non
714 300 €;88 m²;4;1914 / 1947;Oui;C;A;7;Oui;Non
368 600 €;54 m²;3;-;Non;D;E;1;Oui;Non
259 500 €;35 m²;1;-;-;D;C;-;Oui;Non
630 000 €;72 m²;3;1970 / 1980;Oui;E;F;1;Oui;Oui
258 000 €;33 m²;2;1970 / 1980;-;E;E;1;Oui;-
495 000 €;65 m²;4;1970 / 1980;Non;F;D;2;Oui;Non
482 000 €;103 m²;5;-;-;-;-;-;Non;-
770 200 €;89 m²;4;2011 / 2020;Oui;B;C;5;Oui;Oui
283 500 €;45 m²;2;1970 / 1980;Non;E;B;3;Oui;Non
625 000 €;68 m²;3;1992 / 2000;Oui;-;-;7;Oui;-
461 800 €;54 m²;3;2011 / 2020;Oui;-;-;0;Oui;Oui
410 000 €;60 m²;2;1992 / 2000;Oui;D;B;1;Oui;Oui
335 000 €;47 m²;2;1992 / 2000;Non;E;E;2;Non;Oui
97 440 €;18 m²;1;1992 / 2000;Non;-;-;6;Non;Non
294 000 €;37 m²;2;1914 / 1947;Non;E;B;3;Oui;Non
461 000 €;51 m²;2;1992 / 2000;Oui;D;B;3;Oui;Oui
446 000 €;71 m²;4;1948 / 1969;Non;D;E;2;Oui;-
351 000 €;39 m²;2;2011 / 2020;Non;-;-;2;Non;Oui
305 000 €;49 m²;2;1992 / 2000;Oui;D;B;1;Oui;Oui
420 000 €;70 m²;3;1970 / 1980;Oui;-;-;3;Oui;Oui
360 000 €;54 m²;2;-;Non;E;F;3;Oui;Oui
365 034 €;39 m²;2;2011 / 2020;Non;-;-;3;Non;Oui
532 168 €;83 m²;4;1914 / 1947;Non;C;F;1;Oui;Non
351 700 €;42 m²;2;2001 / 2010;Oui;-;-;5;Non;Oui
208 000 €;26 m²;1;2001 / 2010;Oui;-;-;2;Oui;-
255 000 €;36 m²;2;-;Non;-;-;1;Oui;-
327 000 €;49 m²;3;1948 / 1969;Non;E;F;2;Oui;Non
413 900 €;60 m²;3;-;Oui;D;D;2;Oui;-
341 315 €;48 m²;3;1948 / 1969;Non;E;D;1;Oui;Non
424 000 €;63 m²;5;1914 / 1947;Oui;B;F;-;Oui;-
695 000 €;99 m²;4;-;Oui;-;-;3;Oui;Non
285 615 €;55 m²;2;-;Oui;-;-;2E+1;Oui;-
260 000 €;32 m²;2;1992 / 2000;Oui;E;B;3;Non;Oui
645 000 €;87 m²;4;2011 / 2020;Oui;B;C;0;Oui;Oui
766 000 €;86 m²;4;-;Oui;-;-;2;Oui;Oui
733 000 €;103 m²;4;-;Oui;-;-;0;Oui;Oui
736 600 €;123 m²;5;2001 / 2010;Oui;D;B;5;Oui;Oui
179 000 €;21 m²;1;1914 / 1947;Non;-;-;0;Oui;-
425 000 €;72 m²;3;-;Oui;D;E;7;Oui;Non
400 014 €;41 m²;2;2011 / 2020;Oui;-;-;-;Non;Oui
132 500 €;16 m²;1;1914 / 1947;Non;-;G;2;Non;Non
1 142 000 €;111 m²;5;2001 / 2010;Oui;D;B;6;Oui;Oui
766 000 €;86 m²;4;1981 / 1991;Oui;E;C;2;Oui;Oui
690 255 €;69 m²;3;-;Oui;-;-;2;Oui;Oui
538 246 €;57 m²;3;2011 / 2020;Oui;-;-;4;Non;Non
359 600 €;44 m²;2;-;Non;E;C;1;Oui;Non
360 000 €;48 m²;2;1970 / 1980;Oui;-;-;0;Oui;Non
345 250 €;65 m²;3;1948 / 1969;Oui;-;-;13;Oui;-
405 000 €;46 m²;2;-;Oui;E;B;4;Oui;Oui
481 000 €;66 m²;3;1992 / 2000;Oui;E;C;0;Oui;Oui
378 000 €;52 m²;3;-;Non;-;-;2;Oui;Non
450 000 €;77 m²;4;-;Oui;-;-;3;Oui;Non
510 000 €;65 m²;3;2001 / 2010;Oui;C;A;1;Non;Oui
500 439 €;66 m²;3;-;Oui;-;-;1;Non;Non
430 000 €;72 m²;3;1981 / 1991;Oui;D;B;2;Oui;-
162 000 €;31 m²;2;-;Non;-;-;2;Oui;-
565 000 €;71 m²;3;2001 / 2010;Oui;D;B;3;Oui;-
145 000 €;40 m²;2;1948 / 1969;Non;-;-;1;Oui;Non
738 300 €;80 m²;3;1981 / 1991;Oui;C;B;0;Oui;Oui
405 714 €;51 m²;3;-;Non;D;E;8;Oui;-
590 000 €;82 m²;4;1948 / 1969;Non;D;E;5;Oui;Oui
392 610 €;83 m²;4;-;Oui;D;B;1;Oui;-
305 000 €;51 m²;2;-;Oui;-;-;3;Oui;Non
330 000 €;50 m²;3;1914 / 1947;Non;-;-;1;Non;Oui
175 000 €;26 m²;2;-;Non;D;B;1;Oui;Non
518 000 €;-;3;2011 / 2020;Oui;-;-;2;Oui;Oui
175 000 €;28 m²;1;1992 / 2000;Oui;E;C;6;Oui;Oui
235 000 €;30 m²;1;2011 / 2020;Non;B;D;1;Non;-
315 000 €;41 m²;2;-;Non;-;-;2;Oui;-
174 925 €;21 m²;1;-;Non;E;C;4;Non;Non
424 000 €;49 m²;2;1948 / 1969;Oui;D;E;5;Oui;Oui
204 000 €;27 m²;1;1992 / 2000;Oui;F;D;1;Non;Non
289 225 €;36 m²;2;1992 / 2000;Oui;E;G;1;Non;Non
526 960 €;65 m²;3;-;Oui;-;-;3;Non;Oui
356 100 €;46 m²;2;-;Non;-;-;2;Non;Oui
581 500 €;74 m²;3;1970 / 1980;Oui;C;D;5;Oui;Oui
1 224 363 €;127 m²;6;2011 / 2020;Oui;B;C;6;Non;Oui
267 000 €;35 m²;2;1914 / 1947;-;-;-;0;Oui;Non
575 000 €;76 m²;3;-;Oui;D;B;2;Non;Non
882 000 €;109 m²;5;-;Oui;-;-;5;Oui;Oui
432 000 €;60 m²;2;-;Non;-;-;5;Oui;-
87 000 €;21 m²;1;1970 / 1980;Non;D;E;3;Non;Non
307 000 €;38 m²;2;-;Non;-;-;1;Oui;-
519 999 €;59 m²;3;2011 / 2020;Oui;-;-;4;Oui;Oui
166 500 €;36 m²;2;-;Non;-;-;5;Oui;-
160 000 €;36 m²;2;1914 / 1947;Oui;G;D;5;Non;Non
277 125 €;31 m²;2;1914 / 1947;Non;F;C;1;Non;Non
650 000 €;80 m²;3;-;Oui;-;-;6;Oui;Oui
327 000 €;51 m²;3;-;Non;-;-;3;Oui;-
403 000 €;88 m²;4;-;Non;-;-;5;Non;Non
372 700 €;50 m²;3;1948 / 1969;Non;E;F;2;Oui;Non
310 000 €;43 m²;2;1914 / 1947;Non;E;G;2;Oui;Non
790 000 €;98 m²;4;1992 / 2000;Oui;C;B;6;Oui;Oui
401 539 €;46 m²;2;2011 / 2020;Oui;-;-;5;Non;Oui
332 300 €;50 m²;2;-;-;-;-;0;Non;-
144 000 €;19 m²;1;1914 / 1947;Non;-;-;3;Oui;Non
280 000 €;39 m²;2;-;Non;C;D;2;Oui;-
407 000 €;50 m²;2;2001 / 2010;Oui;C;A;1;Non;Oui
371 000 €;53 m²;2;2011 / 2020;Non;C;A;0;Non;Non
315 000 €;46 m²;2;-;Non;E;G;3;Oui;Non
362 800 €;50 m²;2;2011 / 2020;Oui;D;E;3;Non;Oui
528 999 €;-;3;2011 / 2020;Oui;-;-;2;Oui;Oui
475 000 €;61 m²;3;2011 / 2020;Oui;B;C;0;Non;Oui
558 000 €;75 m²;3;2001 / 2010;Oui;D;B;5;Oui;Oui
262 000 €;42 m²;3;1914 / 1947;Non;E;F;3;Oui;Non
608 000 €;84 m²;4;2001 / 2010;Oui;C;B;3;Oui;Oui
436 300 €;64 m²;4;1948 / 1969;Oui;D;E;6;Oui;Oui
336 014 €;42 m²;2;2011 / 2020;Non;-;-;0;Oui;Oui
580 000 €;72 m²;4;1948 / 1969;-;E;E;2;Oui;Oui
532 000 €;67 m²;3;-;Oui;-;-;4;Non;Oui
360 000 €;61 m²;3;-;Non;-;-;4;Oui;-
683 500 €;83 m²;5;1948 / 1969;Oui;-;-;1;Oui;Oui
124 000 €;21 m²;1;1948 / 1969;Non;-;-;0;Oui;-
168 000 €;42 m²;2;-;Non;-;-;0;Non;Oui
615 000 €;86 m²;5;-;Oui;-;-;5;Oui;Oui
736 500 €;72 m²;4;1948 / 1969;Oui;-;-;2;Oui;Non
500 000 €;77 m²;3;-;Oui;-;-;8;Oui;Oui
157 000 €;29 m²;1;1948 / 1969;Non;F;F;5;Oui;Non
127 000 €;19 m²;1;1948 / 1969;-;E;E;5;Oui;Non
258 000 €;42 m²;2;1914 / 1947;Non;D;D;1;Oui;Non
178 000 €;26 m²;1;1948 / 1969;-;E;B;4;Oui;-
312 500 €;59 m²;3;1948 / 1969;Oui;-;-;1;Oui;Oui
534 027 €;69 m²;3;2011 / 2020;Oui;-;-;2;Oui;Oui
96 000 €;17 m²;0;1992 / 2000;Non;-;-;6;Non;Oui
590 000 €;66 m²;3;-;Oui;-;-;5;Oui;Oui
235 200 €;35 m²;1;-;-;D;E;2;Oui;-
460 000 €;58 m²;2;-;-;D;E;5;Non;Non
700 000 €;107 m²;5;1914 / 1947;Non;D;E;2;Oui;Non
790 000 €;90 m²;4;1914 / 1947;Oui;C;D;3;Oui;Oui
615 000 €;93 m²;4;1981 / 1991;Oui;C;B;6;Non;Oui
125 000 €;20 m²;1;1970 / 1980;-;D;E;1;Oui;-
315 000 €;45 m²;2;2001 / 2010;Oui;D;B;0;Oui;Non
520 000 €;69 m²;3;1981 / 1991;Oui;-;-;0;Non;-
384 999 €;40 m²;2;2011 / 2020;Oui;-;-;1;Non;Oui
295 000 €;39 m²;2;-;-;D;E;1;Oui;-
322 450 €;44 m²;2;1992 / 2000;Oui;D;B;5;Oui;Oui
98 000 €;19 m²;1;1992 / 2000;-;D;C;6;Non;Oui
300 000 €;45 m²;2;-;Non;-;-;1;Oui;-
345 000 €;41 m²;2;-;Oui;B;D;2;Non;Oui
366 081 €;-;3;-;Non;-;-;7;Oui;-
347 409 €;53 m²;2;2001 / 2010;Oui;-;-;0;Non;Oui
325 500 €;42 m²;2;2011 / 2020;Oui;C;A;0;Oui;Oui
342 000 €;46 m²;2;-;Non;G;C;3;Oui;Oui
378 681 €;38 m²;2;2011 / 2020;Oui;-;-;3;Non;Oui
500 000 €;62 m²;3;2011 / 2020;Oui;B;D;5;Non;Oui
887 600 €;87 m²;3;2001 / 2010;Oui;D;B;3;Oui;Oui
997 500 €;110 m²;5;-;Oui;-;-;6;Oui;Oui
270 000 €;28 m²;1;2011 / 2020;Non;-;-;7;Non;Oui
229 000 €;30 m²;2;1948 / 1969;Non;E;E;3;Oui;-
469 315 €;72 m²;4;-;Oui;D;F;1;Oui;Non
463 000 €;61 m²;3;1948 / 1969;Oui;E;C;2;Oui;Oui
686 500 €;94 m²;4;-;Non;C;D;2;Oui;Non
607 000 €;76 m²;3;2001 / 2010;Oui;D;B;5;Oui;Oui
546 000 €;80 m²;4;1970 / 1980;Oui;D;C;5;Oui;-
475 000 €;56 m²;3;1914 / 1947;Non;D;B;2;Oui;Non
262 000 €;33 m²;2;-;Oui;E;C;3;Non;Oui
237 000 €;53 m²;2;-;Oui;-;-;-;Oui;Oui
270 000 €;45 m²;2;1948 / 1969;Oui;D;F;6;Oui;Non
504 100 €;76 m²;3;1970 / 1980;Oui;D;E;0;Oui;Non
654 750 €;84 m²;4;1992 / 2000;Oui;D;B;2;Oui;Oui
726 900 €;72 m²;3;-;Oui;-;-;6;Oui;Non
1 125 310 €;121 m²;5;2001 / 2010;Oui;D;B;7;Oui;Oui
498 000 €;69 m²;3;-;Oui;E;C;1;Oui;-
318 000 €;47 m²;2;-;Non;E;B;0;Oui;Non
145 000 €;35 m²;1;-;Non;-;-;3;Oui;-
315 000 €;48 m²;3;1948 / 1969;Non;E;E;4;Oui;Non
350 000 €;48 m²;2;2001 / 2010;Oui;E;C;0;Oui;Oui
825 000 €;81 m²;4;-;Non;-;-;2;Oui;-
290 000 €;49 m²;2;-;Oui;F;C;5;Oui;-
455 000 €;60 m²;2;-;Non;C;C;-;Non;-
490 000 €;55 m²;3;-;Non;-;-;1;Oui;-
472 000 €;82 m²;4;1948 / 1969;Oui;E;G;5;Oui;Oui
1 000 000 €;109 m²;5;1914 / 1947;Non;D;E;4;Oui;Non
570 000 €;78 m²;4;1850 / 1913;Oui;E;D;4;Oui;Oui
355 000 €;61 m²;4;1948 / 1969;Non;C;D;1;Oui;-
386 000 €;46 m²;2;2011 / 2020;Oui;-;-;2;Non;Oui
538 800 €;74 m²;3;-;Oui;-;-;3;Oui;Oui
660 000 €;86 m²;4;2001 / 2010;Oui;C;C;2;Non;Oui
416 300 €;76 m²;5;1948 / 1969;Non;C;A;-;Oui;-
405 900 €;59 m²;3;-;Non;C;C;1;Non;Oui
792 500 €;99 m²;4;-;Oui;C;D;5;Oui;Oui
248 500 €;31 m²;2;1992 / 2000;Oui;-;-;3;Non;Oui
421 750 €;69 m²;3;-;Oui;-;-;1;Oui;-
730 359 €;80 m²;4;2011 / 2020;Non;-;-;1;Non;Oui
192 000 €;26 m²;1;2011 / 2020;Non;B;D;8;Non;Non
356 660 €;87 m²;4;1948 / 1969;Oui;D;B;3;Non;Non
311 000 €;49 m²;2;-;Oui;F;D;2;Oui;Oui
512 000 €;83 m²;4;-;Oui;-;-;1;Oui;-
540 000 €;65 m²;3;1981 / 1991;Oui;E;G;6;Oui;Non
240 000 €;30 m²;1;-;Non;-;-;2;Non;Non
305 000 €;48 m²;2;1948 / 1969;Oui;E;G;0;Non;Non
434 925 €;68 m²;4;1948 / 1969;Non;C;D;1;Oui;Non
687 300 €;69 m²;3;1992 / 2000;Oui;-;-;4;Oui;Oui
615 000 €;71 m²;3;-;Oui;D;B;4;Non;-
536 800 €;72 m²;2;1992 / 2000;Oui;D;B;4;Oui;Non
639 650 €;79 m²;4;2011 / 2020;Oui;-;-;3;Oui;Oui
496 000 €;63 m²;3;-;Oui;E;E;3;Oui;Oui
430 000 €;43 m²;2;2011 / 2020;Oui;-;-;1;Non;Oui
725 000 €;131 m²;5;-;Non;C;D;0;Non;Oui
330 000 €;-;2;2011 / 2020;Non;-;-;2;Non;Oui
433 000 €;66 m²;3;-;Oui;-;-;5;Oui;Oui
340 000 €;51 m²;3;-;Oui;E;F;2;Oui;Non
285 000 €;75 m²;3;1948 / 1969;Oui;F;G;2;Oui;Non
385 000 €;57 m²;3;1948 / 1969;Non;-;-;1;Oui;Non
419 500 €;68 m²;3;1970 / 1980;Oui;E;B;6;Oui;-
1 305 000 €;129 m²;5;-;Non;-;-;0;Oui;Oui
460 000 €;59 m²;3;2011 / 2020;Oui;C;E;9;Non;Oui
224 150 €;30 m²;2;1970 / 1980;Non;E;F;-;Oui;Non
342 000 €;48 m²;3;1948 / 1969;Non;D;E;2;Non;Non
264 000 €;25 m²;1;-;Oui;-;-;0;Non;Oui
500 000 €;79 m²;3;1914 / 1947;Non;-;-;3;Oui;Non
560 000 €;68 m²;4;-;Non;-;-;7;Oui;-
179 000 €;30 m²;1;1992 / 2000;Non;E;C;1;Oui;Non
170 000 €;33 m²;1;1970 / 1980;Non;D;E;6;Non;-
202 000 €;26 m²;1;-;Non;D;E;0;Oui;Non
215 000 €;26 m²;1;-;Non;-;-;0;Oui;-
230 000 €;33 m²;1;1948 / 1969;Non;D;F;3;Oui;Oui
986 210 €;125 m²;6;1992 / 2000;Oui;D;C;5;Oui;Oui
95 000 €;17 m²;1;-;Non;-;-;0;Oui;-
89 000 €;17 m²;1;-;Non;-;-;0;Oui;-
213 000 €;35 m²;2;-;Non;F;B;4;Oui;Non
355 000 €;-;3;-;Non;-;-;5;Non;-
385 000 €;46 m²;2;2001 / 2010;Oui;D;B;3;Non;Oui
362 000 €;41 m²;2;2011 / 2020;Oui;-;-;1;Oui;Oui
180 000 €;24 m²;1;-;Non;D;E;0;Oui;Non
1 000 000 €;119 m²;6;2001 / 2010;Oui;-;-;5;Oui;Oui
344 800 €;53 m²;2;-;Oui;-;-;-;Non;Non
150 000 €;96 m²;4;2001 / 2010;Non;-;-;3;Non;Oui
790 000 €;104 m²;5;2011 / 2020;Oui;-;-;6;Oui;Oui
296 000 €;46 m²;3;-;Non;D;E;0;Oui;Non
325 000 €;55 m²;3;1948 / 1969;Non;E;E;5;Oui;Oui
410 000 €;64 m²;4;1948 / 1969;Non;D;E;6;Oui;Oui
237 000 €;35 m²;2;1948 / 1969;Non;-;-;3;Oui;Non
378 000 €;50 m²;3;-;-;-;-;5;Oui;-
363 999 €;49 m²;2;2011 / 2020;Oui;-;-;1;Non;Non
360 000 €;47 m²;3;-;Non;E;E;4;Oui;-
365 000 €;64 m²;4;1948 / 1969;-;E;E;5;Oui;Oui
477 000 €;66 m²;3;1992 / 2000;Oui;D;B;6;Oui;Oui
300 000 €;39 m²;2;1850 / 1913;Non;-;-;2;Oui;Non
346 000 €;58 m²;3;1948 / 1969;Non;E;E;1;Oui;Oui
400 000 €;60 m²;3;1948 / 1969;Non;-;-;0;Oui;Non
160 000 €;30 m²;1;-;Oui;D;B;0;Oui;Oui
88 000 €;16 m²;0;-;-;G;G;8;Non;-
250 000 €;53 m²;3;1914 / 1947;Non;-;-;6;Oui;-
662 800 €;77 m²;4;-;Oui;D;E;4;Oui;Non
350 616 €;-;2;2011 / 2020;Non;-;-;0;Non;Oui
619 800 €;71 m²;4;-;-;-;-;4;Oui;-
382 000 €;46 m²;2;2001 / 2010;Oui;D;B;1;Non;Oui
398 000 €;52 m²;3;-;Non;-;-;5;Oui;-
265 400 €;25 m²;1;-;Non;-;-;9;Non;Oui
379 000 €;58 m²;2;1992 / 2000;Oui;D;B;3;Oui;Non
265 000 €;-;2;-;Non;-;-;4;Non;Oui
405 000 €;67 m²;3;1992 / 2000;Oui;E;C;0;Oui;Non
930 000 €;86 m²;4;-;Oui;-;-;8;Oui;Oui
347 000 €;55 m²;3;-;Non;D;E;3;Oui;Oui
324 380 €;44 m²;2;-;Non;E;F;2;Non;Non
800 000 €;98 m²;4;2001 / 2010;Oui;D;B;5;Oui;Oui
327 319 €;63 m²;3;1970 / 1980;Oui;D;A;6;Oui;Non
336 999 €;-;2;2011 / 2020;Oui;-;-;1;Oui;Oui
400 000 €;-;2;-;Non;-;-;2;Oui;-
240 000 €;32 m²;2;-;Non;-;-;1;Non;-
442 000 €;65 m²;3;1992 / 2000;Non;D;B;1;Non;-
504 440 €;66 m²;3;-;Oui;-;-;3;Non;Non
370 000 €;60 m²;4;1970 / 1980;Non;D;D;1;Oui;Non
676 000 €;115 m²;6;1970 / 1980;Oui;C;D;2;Oui;Oui
297 000 €;43 m²;2;-;Oui;D;E;4;Oui;Non
495 000 €;65 m²;3;-;Non;-;-;0;Oui;Oui
623 000 €;81 m²;4;2011 / 2020;Oui;-;-;2;Oui;Oui
366 000 €;-;3;-;Non;-;-;4;Non;Oui
195 000 €;27 m²;1;2001 / 2010;Oui;-;-;5;Non;Oui
305 000 €;47 m²;2;-;Non;-;-;8;Oui;Oui
317 000 €;-;3;-;Non;-;-;1;Non;-
717 999 €;-;2;2011 / 2020;Oui;-;-;3;Oui;Oui
543 999 €;66 m²;3;2011 / 2020;Oui;-;-;3;Oui;Oui
465 000 €;-;3;-;Non;-;-;2;Oui;Oui
848 285 €;88 m²;4;1992 / 2000;Non;C;D;7;Non;Oui
523 000 €;76 m²;3;1948 / 1969;Oui;-;-;6;Oui;-
469 285 €;44 m²;2;2011 / 2020;Oui;-;-;5;Non;Oui
237 000 €;34 m²;2;-;Oui;-;-;7;Non;Oui
160 000 €;22 m²;2;-;Non;E;E;5;Oui;Oui
242 000 €;29 m²;1;2011 / 2020;Non;B;C;4;Oui;Oui
709 870 €;102 m²;5;1948 / 1969;Oui;C;D;2;Oui;-
360 000 €;53 m²;3;1948 / 1969;Oui;C;D;3;Oui;Non
375 000 €;53 m²;3;-;Oui;-;-;3;Oui;-
424 000 €;44 m²;2;2011 / 2020;Oui;-;-;1;Oui;Oui
88 750 €;13 m²;0;-;Non;-;-;4;Non;-
158 582 €;34 m²;1;1948 / 1969;Non;E;F;2;Non;Oui
110 000 €;35 m²;2;1850 / 1913;Non;-;-;0;Non;-
525 000 €;69 m²;3;1992 / 2000;Oui;C;A;2;Oui;Oui
170 000 €;25 m²;1;-;Oui;-;-;2;Non;Oui
160 000 €;25 m²;1;-;Oui;-;-;1;Non;Oui
369 999 €;-;2;2011 / 2020;Oui;-;-;2;Oui;Oui
963 000 €;105 m²;4;2011 / 2020;Oui;-;-;3;Non;Oui
785 000 €;101 m²;5;1992 / 2000;Oui;-;-;3;Oui;Oui
216 000 €;36 m²;1;-;Oui;-;-;2;Oui;Oui
414 000 €;54 m²;3;1914 / 1947;Non;-;-;4;Oui;Non
501 500 €;68 m²;3;2011 / 2020;Oui;B;C;3;Oui;Oui
400 000 €;54 m²;2;2001 / 2010;Oui;C;A;2;Oui;Oui
416 000 €;50 m²;2;1914 / 1947;Non;D;E;5;Oui;Non
675 000 €;88 m²;4;1970 / 1980;Non;E;E;3;Non;Oui
125 000 €;20 m²;1;-;Non;-;-;2;Non;-
247 000 €;29 m²;1;-;Non;-;-;1;Non;-
255 000 €;29 m²;1;2011 / 2020;Non;-;-;1;Non;Oui
543 999 €;59 m²;3;2011 / 2020;Oui;-;-;9;Non;Oui
585 000 €;67 m²;3;1948 / 1969;Oui;D;B;3;Oui;Non
230 000 €;53 m²;2;-;Non;-;-;6;Non;Non
739 400 €;88 m²;4;2001 / 2010;Non;D;B;4;Non;Oui
554 000 €;66 m²;3;2011 / 2020;Oui;-;-;4;Oui;Oui
328 200 €;41 m²;2;1914 / 1947;Non;D;A;2;Oui;Non
524 000 €;66 m²;3;2011 / 2020;Non;-;-;2;Non;Oui
375 290 €;68 m²;3;1992 / 2000;Oui;E;C;3;-;-
392 850 €;54 m²;3;1914 / 1947;Non;E;B;2;Oui;Non
253 500 €;49 m²;2;1914 / 1947;Non;D;E;0;Oui;Non
400 000 €;63 m²;4;1948 / 1969;Non;D;D;3;Oui;Non
452 500 €;-;3;-;Non;-;-;3;Oui;-
245 000 €;28 m²;1;2011 / 2020;Non;-;-;1;Non;Oui
668 300 €;91 m²;4;1970 / 1980;Oui;E;C;4;Oui;Oui
510 000 €;67 m²;3;1948 / 1969;Oui;D;B;2;Non;Non
621 100 €;75 m²;3;-;Non;-;-;0;Oui;Non
399 000 €;67 m²;3;1992 / 2000;Oui;-;-;0;Non;-
511 000 €;70 m²;3;-;Non;-;-;3;Oui;-
270 000 €;-;2;-;Non;-;-;5;Oui;-
675 000 €;93 m²;4;-;Non;-;-;7;Non;-
182 400 €;27 m²;1;-;Non;D;F;0;Oui;Non
572 500 €;66 m²;3;-;Oui;D;B;2;Non;Oui
446 565 €;62 m²;3;1914 / 1947;Non;E;F;6;Oui;Non
360 000 €;-;3;-;Non;-;-;3;Non;-
238 875 €;28 m²;1;2011 / 2020;Non;-;-;0;Non;Oui
218 080 €;34 m²;2;1850 / 1913;Non;D;E;1;Oui;Non
170 000 €;25 m²;2;1948 / 1969;Non;E;B;1;Non;Non
429 040 €;72 m²;3;-;Oui;-;-;8;Oui;Oui
255 000 €;-;2;-;Non;-;-;3;Non;-
248 625 €;28 m²;1;2011 / 2020;Non;-;-;3;Non;Oui
328 500 €;40 m²;2;1914 / 1947;Non;D;E;7;Oui;Oui
751 920 €;75 m²;3;2011 / 2020;Oui;-;-;12;Oui;Oui
217 000 €;42 m²;2;1948 / 1969;Oui;E;F;3;Oui;Oui
200 000 €;25 m²;1;2001 / 2010;Non;E;B;1;Non;Non
443 000 €;58 m²;3;-;Oui;-;-;6;Non;Oui
594 000 €;76 m²;4;-;Non;-;-;2;Oui;-
287 000 €;42 m²;2;1981 / 1991;Oui;F;C;0;Oui;-
200 000 €;39 m²;2;-;Non;D;E;0;Oui;Non
484 000 €;75 m²;4;-;Oui;-;-;4;Oui;Oui
651 000 €;89 m²;4;1981 / 1991;Oui;E;C;0;Oui;Oui
875 000 €;111 m²;5;2001 / 2010;Oui;E;B;7;Oui;Oui
462 500 €;59 m²;3;-;Non;-;-;14;Non;Oui
691 000 €;84 m²;4;2001 / 2010;Oui;D;B;1;Oui;Oui
740 000 €;89 m²;3;1992 / 2000;Oui;D;B;4;Oui;Oui
371 000 €;50 m²;3;1914 / 1947;Non;E;C;5;Oui;Non
1 583 600 €;121 m²;4;2011 / 2020;Oui;-;-;15;Oui;Oui
245 000 €;42 m²;2;-;Non;-;-;1;Non;-
276 500 €;48 m²;2;1992 / 2000;Oui;E;C;0;Oui;Non
250 000 €;33 m²;2;-;Non;E;B;2;Oui;Non
220 000 €;31 m²;2;1914 / 1947;Non;D;D;0;Oui;Non
690 000 €;-;4;2011 / 2020;Non;-;-;5;Non;Oui
360 000 €;-;2;2011 / 2020;Non;-;-;5;Non;Oui
31 000 €;6 m²;0;1970 / 1980;-;D;E;1;Non;-
502 500 €;79 m²;4;-;Oui;D;E;2;Oui;Oui
390 000 €;46 m²;2;-;Oui;F;D;1;Oui;-
508 000 €;67 m²;3;-;Oui;D;B;2;Oui;Oui
725 000 €;87 m²;4;2011 / 2020;Oui;-;-;1;Oui;Oui
329 000 €;-;2;2011 / 2020;Oui;-;-;1;Oui;Oui
152 700 €;24 m²;1;-;-;-;-;0;Non;-
250 000 €;52 m²;3;1914 / 1947;Non;-;-;1;Oui;Non
271 720 €;50 m²;3;1948 / 1969;Non;E;F;1;Oui;-
335 000 €;47 m²;2;-;Oui;-;-;0;Oui;Non
130 000 €;16 m²;1;1948 / 1969;Non;G;C;4;Non;Non
335 100 €;40 m²;2;-;Non;-;-;2;Non;-
495 000 €;63 m²;3;2001 / 2010;Oui;D;B;4;Non;Oui
180 500 €;24 m²;1;-;Non;-;-;1;Oui;Oui
356 150 €;60 m²;3;-;Non;-;-;7;Non;Oui
472 000 €;52 m²;2;2011 / 2020;Oui;B;D;17;Non;Oui
345 000 €;53 m²;2;-;Non;-;-;7;Oui;Oui
417 000 €;67 m²;4;1948 / 1969;Non;D;E;4;Oui;Non
200 000 €;28 m²;1;1992 / 2000;Oui;E;C;1;Oui;Non
378 000 €;51 m²;2;1981 / 1991;Oui;C;A;2;Oui;-
335 000 €;48 m²;2;2001 / 2010;Oui;D;B;5;Oui;Oui
480 000 €;-;3;2011 / 2020;Oui;-;-;1;Oui;Oui
570 000 €;69 m²;3;-;Oui;-;-;2;Oui;Oui
516 263 €;66 m²;3;1948 / 1969;Oui;D;B;2;Oui;Oui
410 000 €;71 m²;4;-;Oui;D;E;3;Oui;-
269 450 €;36 m²;2;1914 / 1947;Non;F;C;2;Oui;-
360 000 €;48 m²;3;1970 / 1980;Oui;C;E;0;Oui;-
250 000 €;32 m²;1;2001 / 2010;Oui;C;A;5;Oui;Oui
826 550 €;96 m²;4;2001 / 2010;Non;-;-;1;Non;Oui
219 100 €;39 m²;2;-;Non;-;-;4;Oui;-
306 954 €;46 m²;3;1914 / 1947;Non;D;E;1;Non;Non
560 500 €;69 m²;5;1948 / 1969;Non;E;F;6;Oui;-
152 000 €;20 m²;1;1992 / 2000;Oui;-;-;0;Oui;-
450 000 €;56 m²;3;1970 / 1980;Non;D;E;0;Non;Non
701 700 €;86 m²;4;1981 / 1991;Oui;E;D;2;Oui;Oui
335 000 €;48 m²;3;-;Non;-;-;4;Oui;Non
385 000 €;-;3;-;Oui;-;-;2;Oui;Oui
190 000 €;26 m²;1;2001 / 2010;Non;D;B;1;Oui;Oui
238 510 €;26 m²;1;2001 / 2010;Non;E;B;6;Non;Oui
445 000 €;72 m²;3;1981 / 1991;Oui;D;B;5;Oui;Oui
1 109 200 €;91 m²;3;2011 / 2020;Oui;-;-;16;Oui;Oui
525 000 €;87 m²;5;1948 / 1969;Oui;D;E;4;Oui;Non
212 000 €;28 m²;2;-;Non;E;E;7;Non;Non
318 440 €;72 m²;3;-;Oui;-;-;5;Oui;-
1 399 000 €;143 m²;5;2011 / 2020;Oui;-;-;2;Oui;Oui
487 500 €;54 m²;3;2011 / 2020;Oui;-;-;3;Oui;Oui
475 400 €;40 m²;2;2011 / 2020;Oui;-;-;5;Non;Oui
111 500 €;17 m²;1;1914 / 1947;Non;F;C;5;Non;Non
723 729 €;36 m²;3;2011 / 2020;Oui;-;-;5;Non;Oui
192 000 €;25 m²;1;-;Non;-;-;0;Non;-
192 000 €;25 m²;1;-;Non;-;-;0;Non;-
190 800 €;25 m²;2;-;Non;-;-;0;Non;-
664 000 €;99 m²;5;1970 / 1980;Non;B;A;1;Non;Non
338 000 €;51 m²;3;-;Non;D;E;8;Oui;-
190 800 €;25 m²;1;-;Oui;-;-;0;Non;-
542 856 €;64 m²;3;2011 / 2020;Oui;-;-;1;Non;Oui
355 000 €;47 m²;2;1992 / 2000;Oui;C;A;5;Oui;-
632 700 €;86 m²;4;-;Oui;C;A;1;Non;-
300 000 €;46 m²;2;-;Oui;-;-;6;Oui;Oui
333 000 €;-;2;2011 / 2020;Oui;-;-;1;Oui;Oui
279 000 €;44 m²;2;-;Non;-;-;1;Oui;Non
263 000 €;29 m²;1;2011 / 2020;Non;-;-;4;Non;Oui
194 000 €;38 m²;2;1914 / 1947;Non;E;E;6;Oui;Non
1 005 200 €;99 m²;4;2011 / 2020;Oui;-;-;11;Oui;Oui
382 500 €;61 m²;2;-;Non;-;-;3;Oui;Non
404 600 €;41 m²;2;2011 / 2020;Oui;-;-;3;Non;Oui
260 000 €;37 m²;2;-;Non;-;-;2;Non;-
428 620 €;71 m²;4;-;Non;D;E;3;Oui;Non
964 745 €;115 m²;5;-;Oui;D;C;5;Oui;Oui
397 000 €;56 m²;3;-;Non;-;-;0;Non;Non
127 400 €;22 m²;2;1914 / 1947;-;E;F;0;Non;-
189 591 €;16 m²;1;1970 / 1980;Oui;-;-;0;Oui;Non
600 000 €;80 m²;4;1948 / 1969;Oui;F;G;-1;Oui;Oui
740 000 €;85 m²;4;-;Oui;-;-;3;Oui;Oui
299 000 €;42 m²;2;2001 / 2010;Oui;E;C;2;Oui;Non
450 000 €;53 m²;4;-;Non;-;-;2;Non;-
210 000 €;30 m²;2;1914 / 1947;Non;-;-;5;Oui;Non
1 010 000 €;120 m²;5;2001 / 2010;Oui;C;A;4;Oui;Oui
787 100 €;-;3;-;Oui;-;-;3;Oui;Oui
210 000 €;36 m²;1;1914 / 1947;Non;-;-;1;Non;Non
355 560 €;71 m²;3;1992 / 2000;Oui;D;B;0;Oui;-
1 120 000 €;118 m²;4;-;Oui;-;-;7;Oui;-
882 255 €;91 m²;4;1948 / 1969;Oui;D;B;2;Oui;Oui
553 250 €;59 m²;4;1850 / 1913;Non;G;C;3;Oui;Non
258 000 €;38 m²;2;1914 / 1947;Non;F;E;1;Oui;Non
174 881 €;30 m²;2;-;Non;-;-;1;Non;Oui
278 670 €;46 m²;2;1970 / 1980;Oui;C;E;1;Oui;-
205 000 €;26 m²;2;1948 / 1969;Non;-;-;0;Oui;Oui
390 000 €;38 m²;2;-;Oui;-;-;2;Non;-
407 000 €;66 m²;4;1970 / 1980;Non;F;F;5;Oui;-
795 195 €;87 m²;4;2011 / 2020;Oui;-;-;3;Non;Oui
575 000 €;81 m²;3;1914 / 1947;Non;-;-;3;Oui;Non
301 875 €;52 m²;3;-;Non;-;-;1;Oui;Non
291 750 €;71 m²;3;1948 / 1969;Oui;D;B;4;Non;Oui
220 000 €;34 m²;2;1948 / 1969;Non;-;-;2;Oui;-
290 000 €;-;2;-;Non;-;-;7;Oui;-
435 000 €;63 m²;4;-;Non;-;-;1;Oui;-
205 000 €;29 m²;1;-;Oui;-;-;4;Oui;-
1 060 000 €;86 m²;4;2011 / 2020;Non;-;-;2;Oui;Oui
920 400 €;81 m²;4;-;Oui;-;-;14;Oui;Oui
309 000 €;50 m²;3;1914 / 1947;Non;-;-;2;Non;Non
206 200 €;24 m²;1;-;Oui;E;C;7;Non;Oui
859 287 €;-;4;2011 / 2020;Non;-;-;6;Non;Oui
840 000 €;98 m²;4;-;Oui;-;-;2;Oui;Oui
220 000 €;32 m²;2;1948 / 1969;Non;D;D;5;Oui;Non
454 000 €;64 m²;3;1970 / 1980;Oui;E;F;3;Oui;Non
858 700 €;102 m²;4;-;Non;D;B;5;Non;Oui
605 000 €;106 m²;5;-;Oui;-;-;3;Oui;-
273 000 €;40 m²;2;1948 / 1969;Non;D;E;3;Oui;Non
155 287 €;28 m²;2;1992 / 2000;Oui;E;B;6;Non;-
360 000 €;54 m²;3;1914 / 1947;Non;F;C;1;Non;Oui
170 000 €;27 m²;2;-;Non;-;-;3;Oui;Non
450 000 €;46 m²;2;2011 / 2020;Oui;-;-;1;Non;Oui
675 000 €;67 m²;3;2001 / 2010;Oui;-;-;4;Oui;Oui
725 100 €;74 m²;3;-;Oui;-;-;4;Oui;Oui
303 000 €;38 m²;2;-;Non;E;F;1;Oui;Non
208 000 €;21 m²;1;2011 / 2020;Oui;-;-;5;Non;Oui
185 000 €;24 m²;1;2001 / 2010;Non;-;-;0;Non;Oui
159 000 €;21 m²;1;-;Non;-;-;0;Oui;Non
414 833 €;64 m²;4;-;Non;E;E;2;Oui;-
97 500 €;27 m²;2;Avant 1850;Non;-;-;0;Non;-
500 000 €;63 m²;3;1992 / 2000;Oui;C;D;5;Oui;Oui
549 572 €;72 m²;3;2001 / 2010;Oui;D;B;1;Non;Oui
562 500 €;69 m²;3;-;Non;D;B;1;Non;Oui
145 000 €;23 m²;1;1850 / 1913;Non;-;-;1;Non;-
195 000 €;32 m²;2;-;Non;-;-;0;Oui;-
525 000 €;62 m²;3;-;Oui;-;-;2;Oui;-
192 000 €;26 m²;2;-;Non;E;F;2;Oui;-
240 000 €;43 m²;2;-;Oui;-;-;3;Oui;-
185 000 €;30 m²;2;1850 / 1913;Non;E;D;3;Oui;-
190 000 €;37 m²;2;1948 / 1969;Non;-;-;3;Oui;Non
420 122 €;65 m²;3;1981 / 1991;Non;D;B;4;Non;Non
375 875 €;45 m²;2;2011 / 2020;Oui;-;-;0;Oui;Oui
545 000 €;57 m²;3;-;Non;-;-;0;Oui;Oui
490 000 €;54 m²;2;2001 / 2010;Oui;D;B;2;Oui;Oui
300 000 €;46 m²;2;-;Non;-;-;3;Oui;-
1 290 000 €;121 m²;5;-;Non;-;-;0;Oui;Oui
135 000 €;22 m²;1;-;Non;-;-;0;Oui;Non
770 000 €;80 m²;4;1970 / 1980;Non;F;D;0;Non;-
690 000 €;90 m²;5;-;Non;D;E;1;Oui;Non
100 000 €;25 m²;2;1970 / 1980;Non;F;G;3;Oui;Non
160 000 €;24 m²;1;1970 / 1980;Oui;E;F;2;Oui;Non
178 000 €;29 m²;1;-;-;E;E;2;Oui;-
80 500 €;18 m²;1;-;Non;-;-;6;Non;Oui
910 200 €;93 m²;4;2001 / 2010;Oui;-;-;1;Oui;Oui
184 430 €;31 m²;3;1948 / 1969;Non;-;-;1;Oui;Oui
461 000 €;68 m²;4;1914 / 1947;Non;-;-;4;Oui;Non
446 000 €;51 m²;3;-;Non;-;-;0;Oui;Oui
76 500 €;15 m²;1;1948 / 1969;Non;E;F;-1;Non;Non
75 000 €;13 m²;1;1914 / 1947;Non;-;-;0;Non;Non
520 000 €;63 m²;3;-;Oui;-;-;3;Oui;Oui
376 315 €;55 m²;3;1981 / 1991;Oui;D;E;6;Oui;Oui
525 500 €;67 m²;3;2001 / 2010;Oui;D;B;2;Oui;Oui
391 302 €;41 m²;2;2011 / 2020;Oui;-;-;2;Non;Oui
558 317 €;73 m²;3;2001 / 2010;Oui;D;A;4;Oui;Oui
427 670 €;110 m²;5;1981 / 1991;Oui;D;E;4;Non;Non
376 000 €;56 m²;2;-;Non;E;B;1;Oui;Oui
479 000 €;-;4;-;Non;-;-;1E+1;Oui;Oui
708 500 €;84 m²;4;-;Oui;-;-;3;Oui;Non
624 000 €;104 m²;3;1948 / 1969;Oui;D;E;2;Non;-
496 307 €;65 m²;3;2011 / 2020;Oui;-;-;0;Oui;Oui
152 000 €;26 m²;1;1981 / 1991;Non;C;D;0;Non;-
551 500 €;69 m²;3;-;Non;-;-;4;Oui;-
257 000 €;29 m²;1;2011 / 2020;Non;-;-;3;Non;Oui
137 320 €;27 m²;1;1948 / 1969;Oui;C;A;4;Oui;Non
289 890 €;63 m²;3;1948 / 1969;Oui;C;A;11;Oui;Non
241 760 €;29 m²;1;2011 / 2020;Non;-;-;1;Non;Non
150 000 €;22 m²;1;2011 / 2020;Non;-;-;0;Oui;Non
290 000 €;50 m²;2;1970 / 1980;Oui;E;F;4;Oui;Oui
480 000 €;81 m²;4;1948 / 1969;Oui;B;B;7;Oui;Oui
513 000 €;62 m²;3;2011 / 2020;Oui;-;-;5;Non;Oui
150 000 €;-;1;2011 / 2020;Non;-;-;0;Non;-
399 120 €;48 m²;2;2011 / 2020;Oui;-;-;3;Non;Oui
231 000 €;29 m²;1;2001 / 2010;Oui;C;C;3;Oui;-
405 000 €;63 m²;3;1914 / 1947;Non;-;-;3;Oui;Non
644 480 €;59 m²;3;2011 / 2020;Oui;-;-;13;Oui;Oui
440 000 €;73 m²;4;-;Non;-;-;3;Oui;Non
380 000 €;68 m²;4;1914 / 1947;Non;-;-;3;Oui;-
216 240 €;27 m²;1;2011 / 2020;Non;-;-;5;Non;Oui
166 650 €;23 m²;2;1914 / 1947;Non;-;-;5;Oui;Non
402 000 €;49 m²;3;-;Non;-;-;2;Oui;-
640 000 €;88 m²;4;-;Oui;-;-;1;Non;-
115 000 €;19 m²;1;1948 / 1969;Non;G;D;0;Oui;Non
521 080 €;64 m²;3;2011 / 2020;Oui;C;F;4;Non;Oui
515 193 €;72 m²;3;-;Oui;C;C;2;Oui;Oui
711 300 €;86 m²;4;2001 / 2010;Oui;-;-;5;Oui;Oui
105 000 €;19 m²;1;1948 / 1969;Non;F;G;1;Oui;Non
635 000 €;85 m²;3;1992 / 2000;Oui;D;B;2;Oui;Non
509 874 €;57 m²;3;2011 / 2020;Non;-;-;2;Non;Non
235 000 €;43 m²;2;-;Non;-;-;1;Oui;-
335 199 €;39 m²;2;2011 / 2020;Oui;-;-;2;Non;Oui
570 000 €;73 m²;3;-;Oui;-;-;4;Non;Non
500 000 €;72 m²;4;2011 / 2020;Oui;-;-;6;Non;Oui
230 000 €;26 m²;1;2011 / 2020;Non;-;-;1;Oui;Oui
402 999 €;51 m²;3;2011 / 2020;Oui;-;-;0;Oui;Non
408 774 €;42 m²;2;2011 / 2020;Oui;-;-;7;Non;Oui
155 000 €;24 m²;1;-;Non;E;D;3;Non;Non
539 000 €;65 m²;3;-;Oui;-;-;5;Oui;Oui
560 000 €;93 m²;4;-;Oui;D;E;4;Oui;-
131 100 €;18 m²;1;1914 / 1947;Non;-;-;0;Oui;-
1 059 000 €;104 m²;5;2011 / 2020;Oui;-;-;2;Oui;Oui
450 000 €;67 m²;4;-;Oui;-;-;7;Oui;Oui
450 000 €;67 m²;4;1948 / 1969;Oui;C;D;7;Oui;Oui
237 000 €;34 m²;2;1992 / 2000;Non;E;F;4;Non;Non
516 000 €;50 m²;2;2011 / 2020;Oui;-;-;1;Non;Oui
151 000 €;19 m²;1;1914 / 1947;Non;E;F;4;Non;Non
90 000 €;27 m²;1;-;Non;-;-;1;Non;Non
598 650 €;67 m²;3;2001 / 2010;Oui;D;B;1;Oui;Non
245 000 €;23 m²;1;1992 / 2000;Oui;F;B;6;Non;Oui
590 000 €;-;4;-;Oui;-;-;3;Oui;Oui
446 000 €;56 m²;3;2001 / 2010;Oui;C;D;5;Oui;Oui
226 667 €;32 m²;2;1948 / 1969;Non;E;C;0;Oui;Non
240 192 €;35 m²;2;-;Non;E;F;2;Oui;Non
248 000 €;26 m²;1;2011 / 2020;Non;-;-;2;Oui;Oui
212 240 €;21 m²;1;2011 / 2020;Non;-;-;7;Non;Oui
704 500 €;86 m²;4;2001 / 2010;Oui;D;B;7;Non;Oui
210 000 €;31 m²;2;1914 / 1947;Non;-;-;2;Oui;Non
981 064 €;104 m²;5;2011 / 2020;Oui;-;-;4;Non;Oui
248 000 €;-;1;2011 / 2020;Non;-;-;2;Oui;Oui
609 999 €;-;4;2011 / 2020;Oui;-;-;1;Non;Oui
296 666 €;39 m²;2;2011 / 2020;Oui;-;-;3;Non;Oui
466 666 €;73 m²;3;2011 / 2020;Oui;-;-;3;Non;Non
487 053 €;65 m²;3;2011 / 2020;Oui;-;-;0;Oui;Oui
250 000 €;42 m²;2;-;Non;-;-;3;Oui;-
462 000 €;58 m²;3;2011 / 2020;Oui;-;-;2;Non;Oui
556 666 €;86 m²;4;2011 / 2020;Oui;-;-;1;Non;Non
515 000 €;55 m²;2;2001 / 2010;Oui;D;B;1;Oui;Non
424 000 €;75 m²;4;1970 / 1980;Oui;E;F;4;Oui;Non
205 000 €;48 m²;2;-;Non;-;-;0;Oui;Oui
462 999 €;41 m²;2;2011 / 2020;Oui;-;-;5;Non;Oui
640 000 €;75 m²;3;2001 / 2010;Oui;D;B;4;Oui;Oui
496 000 €;67 m²;3;2001 / 2010;Oui;B;C;2;Oui;Oui
145 000 €;20 m²;1;-;Non;E;F;1;Oui;-
506 000 €;85 m²;5;1948 / 1969;Non;-;-;6;Oui;Oui
1 090 000 €;91 m²;4;-;Non;-;-;2;Oui;Oui
579 999 €;-;3;2011 / 2020;Oui;-;-;3;Non;Oui
420 000 €;84 m²;3;-;Oui;E;C;7;Oui;Oui
1 239 700 €;108 m²;4;2011 / 2020;Oui;-;-;15;Oui;Oui
279 000 €;42 m²;2;1992 / 2000;Oui;D;C;1;Oui;Non
400 000 €;95 m²;3;1992 / 2000;Oui;D;D;5;Oui;Oui
215 000 €;27 m²;1;1992 / 2000;Oui;-;-;6;Non;Oui
302 100 €;-;2;-;Non;-;-;0;Oui;-
100 000 €;27 m²;1;-;Non;E;G;5;Oui;Non
670 000 €;64 m²;3;2001 / 2010;Oui;-;-;0;Oui;Oui
147 755 €;24 m²;2;1914 / 1947;Non;D;B;0;Non;-
531 000 €;66 m²;3;-;Oui;-;-;3;Oui;Oui
590 000 €;69 m²;3;2011 / 2020;Oui;B;C;0;Non;Oui
579 999 €;-;4;2011 / 2020;Oui;-;-;0;Oui;Oui
195 000 €;32 m²;2;1948 / 1969;Non;E;B;4;Non;Non
950 000 €;116 m²;4;-;Oui;-;-;1;Oui;Oui
366 000 €;53 m²;3;-;Non;D;B;4;Non;Non
1 140 000 €;114 m²;5;2011 / 2020;Oui;-;-;6;Oui;Oui
237 249 €;29 m²;1;2011 / 2020;Non;-;-;2;Non;Oui
315 000 €;47 m²;2;2001 / 2010;Oui;E;C;1;Oui;Oui
546 254 €;57 m²;3;2011 / 2020;Oui;-;-;3;Non;Non
289 000 €;44 m²;2;1948 / 1969;Oui;-;-;6;Oui;Non
240 000 €;27 m²;1;2001 / 2010;Non;B;D;2;Non;Non
426 670 €;61 m²;3;1970 / 1980;Non;-;-;0;Non;Non
225 000 €;25 m²;1;2011 / 2020;Non;-;-;1;Non;Non
192 140 €;32 m²;2;Avant 1850;Non;-;-;1;Oui;-
335 345 €;43 m²;2;-;Non;D;E;3;Oui;-
320 500 €;43 m²;2;-;Oui;-;-;1;Non;Oui
642 999 €;94 m²;4;2011 / 2020;Oui;-;-;1;Oui;Oui
327 750 €;40 m²;2;2011 / 2020;Non;-;-;0;Non;Oui
521 551 €;67 m²;3;2011 / 2020;Oui;-;-;0;Non;Oui
138 500 €;17 m²;1;-;Non;-;-;4;Non;-
580 000 €;102 m²;4;1948 / 1969;Non;D;E;1;Oui;Non
279 999 €;30 m²;1;2011 / 2020;Oui;-;-;2;Oui;Non
260 100 €;28 m²;1;2011 / 2020;Oui;-;-;1;Non;Oui
402 000 €;41 m²;2;2011 / 2020;Oui;-;-;2;Non;Oui
410 000 €;61 m²;4;1948 / 1969;Non;E;F;1;Oui;Oui
190 000 €;32 m²;2;1948 / 1969;Non;E;F;6;Oui;Non
279 999 €;-;1;2011 / 2020;Oui;-;-;2;Oui;-
430 315 €;61 m²;3;1948 / 1969;Non;D;E;4;Oui;Oui
342 500 €;59 m²;3;-;Non;E;F;1;Oui;-
388 000 €;47 m²;2;2001 / 2010;Oui;E;C;4;Oui;Oui
163 000 €;24 m²;1;-;Oui;D;E;2;Oui;Non
477 000 €;72 m²;4;1970 / 1980;Oui;-;-;3;Oui;Oui
649 000 €;85 m²;4;2001 / 2010;Oui;D;B;1;Oui;Oui
270 000 €;38 m²;2;1948 / 1969;Oui;D;E;9;Oui;Non
147 000 €;25 m²;1;1970 / 1980;Oui;D;D;23;Oui;Oui
159 250 €;29 m²;2;1970 / 1980;Non;-;-;0;Non;Non
215 000 €;31 m²;2;-;Non;F;C;2;Oui;-
140 000 €;-;1;2011 / 2020;Non;-;-;0;Non;Oui
244 580 €;45 m²;2;1948 / 1969;Non;E;F;4;Oui;Oui
537 950 €;88 m²;5;-;Non;D;E;1;Oui;Non
1 294 880 €;110 m²;4;2011 / 2020;Oui;-;-;16;Oui;Oui
220 000 €;53 m²;2;1948 / 1969;Non;-;-;-;Oui;Non
230 000 €;33 m²;1;1948 / 1969;Non;E;A;2;Non;Oui
313 000 €;47 m²;3;1948 / 1969;-;D;E;5;Oui;-
395 000 €;65 m²;4;1948 / 1969;Oui;D;E;5;Oui;Oui
441 750 €;59 m²;3;2011 / 2020;Oui;-;-;1;Oui;Oui
722 500 €;105 m²;4;-;Non;E;G;6;Oui;Non
124 900 €;27 m²;1;1948 / 1969;Oui;C;A;3;Oui;Non
909 999 €;83 m²;4;2011 / 2020;Oui;-;-;15;Oui;Oui
595 000 €;70 m²;3;2001 / 2010;Oui;D;B;1;Oui;Non
90 000 €;13 m²;1;-;Non;-;-;1;Non;Non
1 185 100 €;120 m²;5;-;Oui;D;E;4;Oui;Oui
282 000 €;36 m²;2;-;Non;-;-;1;Oui;Non
175 000 €;23 m²;1;-;Non;-;-;2;Oui;Non
683 001 €;84 m²;4;2011 / 2020;Oui;-;-;1;Non;Oui
298 150 €;51 m²;3;1948 / 1969;Non;E;F;6;Oui;Non
241 750 €;30 m²;2;1948 / 1969;Non;E;E;7;Non;-
464 500 €;61 m²;3;2011 / 2020;Oui;-;-;5;Non;Oui
194 380 €;43 m²;2;1948 / 1969;Oui;C;A;7;Oui;Non
210 000 €;41 m²;2;1948 / 1969;Non;C;D;4;Oui;Non
490 000 €;66 m²;3;1948 / 1969;Oui;F;A;4;Oui;Non
480 000 €;74 m²;3;-;Oui;-;-;3;Oui;-
630 000 €;-;3;2011 / 2020;Oui;-;-;3;Oui;Oui
570 999 €;60 m²;3;2011 / 2020;Oui;-;-;2;Oui;Oui
318 000 €;51 m²;2;-;Oui;-;-;2;Oui;Oui
187 000 €;34 m²;1;1948 / 1969;Non;D;E;5;Oui;Non
386 000 €;-;3;-;Oui;-;-;1;Oui;Oui
399 580 €;62 m²;3;1992 / 2000;Oui;-;-;1;Oui;Oui
497 000 €;91 m²;5;1948 / 1969;Oui;-;-;3;Oui;Oui
526 634 €;65 m²;3;2011 / 2020;Oui;-;-;1;Non;Non
190 000 €;25 m²;1;1914 / 1947;Non;F;C;4;Oui;Non
387 000 €;53 m²;2;1981 / 1991;Non;-;-;3;Oui;Oui
534 000 €;59 m²;3;2011 / 2020;Oui;-;-;4;Non;Oui
351 500 €;45 m²;2;2011 / 2020;Non;-;-;0;Oui;Oui
248 000 €;37 m²;2;-;Non;-;-;3;Non;-
455 000 €;54 m²;2;2011 / 2020;Oui;-;-;2;Oui;Oui
611 600 €;67 m²;3;2001 / 2010;Oui;-;-;4;Oui;Oui
140 000 €;25 m²;1;-;Non;-;-;0;Oui;-
150 000 €;25 m²;1;-;Non;-;-;0;Oui;-
536 300 €;71 m²;3;1992 / 2000;Oui;C;A;1;Oui;Non
350 000 €;44 m²;2;1914 / 1947;Non;D;E;1;Oui;Non
229 750 €;55 m²;2;-;Oui;-;-;3;Non;Oui
213 750 €;39 m²;2;1948 / 1969;Non;F;F;3;Oui;Non
702 974 €;84 m²;4;2011 / 2020;Oui;-;-;2;Non;Oui
577 130 €;80 m²;4;-;Oui;-;-;3;Oui;Oui
283 000 €;51 m²;2;1948 / 1969;Non;D;E;8;Oui;-
413 000 €;52 m²;2;2011 / 2020;Oui;-;-;2;Oui;Oui
357 000 €;47 m²;2;1970 / 1980;Oui;D;F;3;Oui;Oui
461 000 €;67 m²;3;1970 / 1980;Oui;-;-;3;Oui;Oui
515 719 €;65 m²;3;2011 / 2020;Oui;-;-;0;Oui;Oui
356 250 €;45 m²;2;2011 / 2020;Non;-;-;1;Oui;Oui
230 000 €;53 m²;3;-;Oui;-;-;6;Oui;Non
928 994 €;88 m²;4;1914 / 1947;Oui;-;-;2;Non;Oui
165 000 €;24 m²;2;1850 / 1913;Non;E;F;0;Oui;-
295 000 €;54 m²;2;-;Oui;-;-;21;Oui;-
250 000 €;58 m²;3;-;-;-;-;1;Oui;Non
334 000 €;47 m²;3;1914 / 1947;Non;D;E;1;Non;Non
122 900 €;27 m²;1;1948 / 1969;Oui;C;A;2;Oui;Non
633 000 €;-;4;2011 / 2020;Oui;-;-;1;Oui;Oui
717 000 €;83 m²;4;2011 / 2020;Oui;-;-;6;Oui;Oui
433 740 €;87 m²;4;1992 / 2000;Oui;C;B;6;Oui;-
433 740 €;87 m²;4;1992 / 2000;Oui;C;B;6;Oui;-
620 000 €;74 m²;3;2001 / 2010;Oui;D;B;2;Non;Oui
533 900 €;67 m²;3;1981 / 1991;Oui;D;B;6;Oui;Oui
191 050 €;23 m²;1;1981 / 1991;Oui;E;C;2;Oui;Non
265 000 €;34 m²;2;-;-;-;-;0;Oui;Non
335 000 €;52 m²;3;1948 / 1969;Non;F;G;3;Non;Oui
318 000 €;51 m²;3;1981 / 1991;Non;C;C;1;Oui;-
265 000 €;34 m²;2;1948 / 1969;Non;G;C;2;Oui;Non
380 000 €;61 m²;3;1948 / 1969;Non;E;E;4;Oui;Non
300 000 €;52 m²;3;-;Non;-;-;6;Oui;-
425 000 €;62 m²;3;-;Non;C;E;3;Oui;-
687 500 €;111 m²;5;1970 / 1980;Oui;E;C;2;Oui;Non
790 000 €;96 m²;4;1992 / 2000;Oui;E;C;0;Oui;Oui
233 000 €;32 m²;2;-;Non;-;-;5;Oui;-
159 000 €;25 m²;2;1970 / 1980;Non;-;-;1;Non;Non
699 099 €;67 m²;3;2011 / 2020;Oui;-;-;5;Oui;Oui
255 000 €;26 m²;1;2011 / 2020;Non;-;-;2;Non;Oui
214 000 €;31 m²;2;1914 / 1947;Non;-;-;3;Oui;-
977 600 €;97 m²;4;2001 / 2010;Oui;D;B;6;Oui;Oui
210 000 €;43 m²;2;1948 / 1969;Non;-;-;5;Oui;Non
258 000 €;35 m²;2;-;Non;E;E;6;Oui;Non
461 450 €;59 m²;2;-;Non;C;D;3;Oui;Non
183 000 €;33 m²;1;-;Oui;G;F;17;Oui;Non
477 000 €;64 m²;4;1970 / 1980;Oui;C;D;4;Oui;Oui
410 000 €;-;2;2011 / 2020;Oui;-;-;3;Oui;-
333 000 €;42 m²;2;1992 / 2000;Oui;D;B;5;Non;Non
541 000 €;72 m²;4;-;Non;E;B;2;Oui;Oui
295 785 €;47 m²;2;-;Non;E;E;4;Oui;Non
661 000 €;90 m²;4;-;Non;-;-;1;Non;-
521 500 €;74 m²;3;2001 / 2010;Oui;-;-;5;Non;Oui
512 000 €;86 m²;5;1970 / 1980;Oui;E;F;3;Oui;Non
234 999 €;28 m²;1;2011 / 2020;Non;-;-;0;Non;Non
439 560 €;42 m²;2;2011 / 2020;Oui;-;-;3;Oui;Oui
516 250 €;67 m²;3;-;Non;E;F;1;Oui;Non
205 000 €;23 m²;1;-;Oui;-;-;3;Oui;-
80 000 €;22 m²;1;-;Non;-;-;1;Non;-
271 260 €;51 m²;3;1992 / 2000;Oui;E;C;2;Oui;-
338 950 €;68 m²;3;1992 / 2000;Oui;D;B;3;Oui;-
338 950 €;68 m²;3;1992 / 2000;Oui;D;B;3;Oui;-
304 500 €;40 m²;2;-;-;-;-;2;Oui;Non
295 000 €;49 m²;3;1948 / 1969;Non;E;F;0;Oui;Non
797 000 €;81 m²;3;2011 / 2020;Oui;B;A;9;Non;Oui
960 000 €;105 m²;5;2001 / 2010;Oui;D;B;7;Oui;Oui
222 285 €;36 m²;2;-;Non;D;E;4;Oui;Non
769 000 €;117 m²;5;-;Oui;-;-;7;Non;-
315 000 €;52 m²;2;-;Non;-;-;2;Oui;Oui
229 100 €;33 m²;1;-;Oui;-;-;5;Non;-
200 000 €;28 m²;1;-;Non;-;-;1;Oui;-
150 000 €;30 m²;2;1948 / 1969;Non;G;C;1;Oui;-
159 500 €;19 m²;1;2001 / 2010;Non;-;-;3;Non;-
307 815 €;51 m²;3;-;Non;E;E;2;Oui;Non
423 500 €;59 m²;3;-;Non;E;F;1;Oui;Non
200 000 €;32 m²;2;1948 / 1969;Non;E;E;3;Oui;Oui
448 800 €;57 m²;3;2001 / 2010;Oui;D;B;4;Oui;Oui
762 000 €;77 m²;4;-;-;-;-;3;Oui;Oui
685 000 €;99 m²;4;-;Oui;-;-;7;Oui;Oui
294 000 €;67 m²;3;-;Oui;-;-;-;Oui;Oui
459 500 €;58 m²;3;2001 / 2010;Non;D;B;5;Oui;Oui
160 000 €;24 m²;1;1970 / 1980;Non;G;D;0;Oui;Non
432 000 €;68 m²;3;-;Oui;-;-;2;Non;Oui
403 265 €;86 m²;4;1992 / 2000;Oui;D;C;3;Oui;-
403 265 €;86 m²;4;1992 / 2000;Oui;D;C;3;Oui;-
220 000 €;25 m²;1;-;Non;-;-;1;Oui;Oui
572 000 €;75 m²;5;1914 / 1947;Non;D;A;4;Oui;Oui
590 000 €;74 m²;3;2001 / 2010;Oui;D;B;0;Oui;Oui
455 315 €;68 m²;3;1981 / 1991;Oui;E;B;2;Non;Oui
168 000 €;24 m²;2;1914 / 1947;Non;F;G;2;Non;Non
326 315 €;55 m²;3;1948 / 1969;Oui;D;E;9;Oui;Oui
172 000 €;19 m²;1;-;Non;-;-;1;Non;Non
399 085 €;52 m²;3;2011 / 2020;Oui;-;-;4;Non;Oui
155 000 €;20 m²;1;1914 / 1947;Non;C;D;2;Oui;Non
518 000 €;68 m²;3;2001 / 2010;Oui;E;F;1;Oui;Oui
262 405 €;45 m²;2;1948 / 1969;Non;E;F;2;Oui;Non
294 500 €;49 m²;2;-;Oui;-;-;5;Oui;-
200 799 €;25 m²;1;2011 / 2020;Non;-;-;0;Non;Oui
329 400 €;55 m²;3;-;-;E;E;6;Oui;Oui
593 000 €;93 m²;4;1914 / 1947;Oui;D;D;2;Oui;Non
492 038 €;59 m²;3;2011 / 2020;Oui;-;-;2;Non;Oui
501 000 €;64 m²;3;1970 / 1980;Oui;E;C;2;Oui;Non
165 000 €;31 m²;1;-;Non;-;-;2;Oui;Oui
1 372 500 €;153 m²;5;1992 / 2000;Oui;-;-;4;Oui;Oui
165 000 €;22 m²;1;-;Non;-;-;2;Oui;-
68 000 €;9 m²;0;1850 / 1913;Non;-;-;7;Non;Non
1 179 999 €;109 m²;4;2011 / 2020;Oui;-;-;0;Oui;Oui
1 094 166 €;103 m²;7;2011 / 2020;Oui;-;-;0;Non;Non
891 999 €;81 m²;3;2011 / 2020;Oui;-;-;1;Oui;Oui
295 500 €;37 m²;2;2011 / 2020;Non;-;-;0;Oui;Oui
495 968 €;59 m²;3;2011 / 2020;Oui;-;-;3;Non;Oui
115 500 €;13 m²;1;-;Non;-;-;4;Oui;-
614 000 €;89 m²;4;1992 / 2000;Oui;D;B;2;Oui;Oui
248 000 €;32 m²;2;1914 / 1947;Non;E;F;3;Oui;Non
555 000 €;79 m²;3;1992 / 2000;Oui;D;C;1;Oui;-
377 700 €;68 m²;3;1948 / 1969;Oui;D;B;2;Oui;Oui
1 746 400 €;126 m²;7;2001 / 2010;Oui;C;A;-1;Oui;Oui
363 000 €;46 m²;2;2011 / 2020;Oui;-;-;1;Oui;Oui
368 000 €;41 m²;2;2011 / 2020;Oui;-;-;3;Non;Oui
500 000 €;84 m²;4;2001 / 2010;Oui;D;B;3;Oui;Oui
511 000 €;67 m²;3;-;Non;-;-;2;Non;Oui
205 000 €;31 m²;2;1914 / 1947;Non;E;B;1;Non;Non
150 000 €;20 m²;1;1992 / 2000;Oui;F;C;9;Non;Oui
497 000 €;66 m²;3;-;Non;-;-;3;Oui;Oui
510 000 €;69 m²;4;-;Non;-;-;4;Oui;-
700 500 €;91 m²;4;2001 / 2010;Oui;B;C;2;Non;Oui
407 920 €;65 m²;3;1948 / 1969;Non;E;F;2;Oui;Oui
257 499 €;29 m²;1;2011 / 2020;Oui;-;-;0;Non;Oui
628 899 €;79 m²;4;2011 / 2020;Oui;-;-;0;Oui;Oui
411 000 €;48 m²;2;-;Oui;-;-;5;Oui;Oui
213 850 €;80 m²;5;-;Non;-;-;7;Oui;-
520 000 €;66 m²;3;2001 / 2010;Oui;D;B;4;Oui;Oui
359 200 €;58 m²;3;1948 / 1969;Non;D;E;7;Oui;Oui
365 000 €;63 m²;5;1992 / 2000;Oui;-;-;2;Oui;Oui
430 000 €;59 m²;3;-;Non;-;-;1;Oui;-
378 000 €;41 m²;2;2011 / 2020;Oui;-;-;4;Non;Oui
162 000 €;29 m²;2;1948 / 1969;-;C;D;4;Oui;Non
220 000 €;38 m²;2;1914 / 1947;Non;E;E;5;Oui;Non
288 000 €;39 m²;2;1948 / 1969;Non;D;E;3;Oui;-
590 780 €;74 m²;3;-;Oui;-;-;2;Oui;Oui
282 000 €;43 m²;3;-;Non;-;-;4;Non;Non
119 480 €;27 m²;1;1914 / 1947;Non;D;B;7;Non;Non
167 000 €;29 m²;2;-;Non;G;C;0;Oui;-
246 000 €;48 m²;3;-;Non;-;-;3;Oui;-
275 000 €;42 m²;2;-;-;E;E;2;Oui;-
339 000 €;46 m²;2;1992 / 2000;Oui;D;B;1;Oui;Oui
168 000 €;22 m²;1;1981 / 1991;Oui;-;-;1;Non;Non
398 000 €;38 m²;2;2011 / 2020;Oui;-;-;4;Oui;Oui
420 000 €;63 m²;3;1914 / 1947;Non;-;-;2;Oui;Non
336 000 €;40 m²;2;-;Oui;-;-;4;Oui;-
448 000 €;-;3;-;Oui;-;-;3;Oui;Oui
200 000 €;35 m²;2;-;Non;E;B;0;Non;Non
738 620 €;93 m²;4;1981 / 1991;Oui;D;C;5;Oui;Oui
590 000 €;77 m²;4;-;Oui;-;-;3;Oui;Oui
356 620 €;72 m²;3;1992 / 2000;Oui;D;B;3;Oui;-
356 620 €;72 m²;3;1992 / 2000;Oui;D;B;3;Oui;-
525 000 €;68 m²;3;1914 / 1947;Non;-;-;3;Oui;Non
792 000 €;101 m²;4;2011 / 2020;Oui;-;-;2;Oui;Oui
439 000 €;56 m²;3;-;Non;-;-;4;Non;-
436 000 €;60 m²;3;2011 / 2020;Oui;-;-;0;Non;Oui
760 000 €;99 m²;5;-;Oui;-;-;6;Oui;Oui
739 450 €;86 m²;4;1992 / 2000;Oui;B;C;4;Oui;Oui
459 300 €;64 m²;3;2001 / 2010;Oui;D;B;3;Oui;Oui
647 000 €;87 m²;4;2011 / 2020;Oui;B;C;2;Oui;Oui
550 000 €;69 m²;3;1970 / 1980;Oui;D;B;5;Non;Oui
339 000 €;46 m²;2;-;Oui;-;-;4;Oui;-
260 000 €;40 m²;2;-;Non;E;C;1;Oui;Non
601 299 €;63 m²;3;2011 / 2020;Oui;-;-;2;Non;Oui
500 000 €;63 m²;4;1914 / 1947;Oui;D;F;6;Oui;Non
862 000 €;134 m²;5;1914 / 1947;Oui;B;C;1;Oui;Non
363 000 €;46 m²;2;2011 / 2020;Oui;-;-;-;Oui;Oui
194 740 €;24 m²;1;-;Oui;-;-;1;Non;-
194 740 €;24 m²;1;-;Non;D;B;1;Non;Non
568 000 €;81 m²;4;-;Oui;-;-;5;Non;Non
248 000 €;39 m²;2;-;Non;D;E;1;Non;Non
946 000 €;116 m²;5;-;Non;-;-;5;Oui;Oui
642 500 €;92 m²;4;1981 / 1991;Oui;E;C;5;Non;Oui
320 000 €;50 m²;3;-;Non;-;-;1;Oui;-
500 000 €;-;4;-;Oui;-;-;3;Oui;Oui
472 500 €;67 m²;4;-;Non;B;D;1;Oui;Non
330 300 €;41 m²;2;2011 / 2020;Oui;-;-;1;Non;Non
305 000 €;46 m²;2;-;Oui;F;C;2;Oui;-
120 000 €;18 m²;1;1948 / 1969;Non;D;D;1;Non;-
515 400 €;69 m²;3;-;Oui;-;-;1;Oui;-
927 000 €;140 m²;6;1981 / 1991;Oui;C;B;1;Non;Oui
828 563 €;92 m²;4;2001 / 2010;Oui;C;A;2;Oui;Oui
283 640 €;24 m²;1;2011 / 2020;Non;-;-;14;Oui;-
303 000 €;48 m²;2;2001 / 2010;Oui;E;C;4;Non;Oui
797 150 €;107 m²;4;1981 / 1991;Oui;F;C;0;Non;Oui
391 800 €;69 m²;3;-;Oui;-;-;1;Non;-
351 000 €;44 m²;2;-;Non;-;-;5;Oui;Oui
295 000 €;54 m²;2;-;Oui;-;-;4;Oui;-
232 000 €;46 m²;2;-;Non;-;-;5;Oui;Oui
220 000 €;30 m²;2;1914 / 1947;Non;G;D;6;Non;Non
685 000 €;116 m²;6;1948 / 1969;Oui;D;E;2;Oui;Non
151 000 €;18 m²;1;-;Non;-;-;2;Oui;Non
321 500 €;42 m²;2;-;Oui;-;-;4;Oui;-
439 000 €;101 m²;5;-;Oui;-;-;7;Oui;Oui
450 000 €;66 m²;3;1992 / 2000;Oui;D;A;1;Oui;Non
145 000 €;25 m²;2;-;Non;-;-;6;Oui;-
594 000 €;93 m²;4;1948 / 1969;Oui;D;E;1;Oui;-
638 000 €;70 m²;3;2011 / 2020;Oui;-;-;2;Oui;Oui
640 740 €;78 m²;4;2011 / 2020;Oui;-;-;5;Non;Oui
317 200 €;54 m²;3;-;Non;-;-;0;Non;-
840 000 €;108 m²;5;-;Oui;-;-;2;Oui;Oui
405 285 €;49 m²;2;2001 / 2010;Oui;-;-;2;Oui;Oui
506 330 €;64 m²;3;2001 / 2010;Oui;D;E;3;Oui;Oui
816 999 €;80 m²;3;2011 / 2020;Non;-;-;12;Oui;Oui
335 000 €;63 m²;3;-;Non;-;-;1;Oui;-
;;;;;;;;;
